District_Code,District_Name,Mandal_Code,Mandal_Name,Village_Code,Village_Name
5,अकोला,7,बार्शीटाकळी,7,अमरावती
5,अकोला,7,बार्शीटाकळी,4,अकोला
5,अकोला,7,बार्शीटाकळी,14,यवतमाळ
5,अकोला,7,बार्शीटाकळी,6,पातुर
5,अकोला,7,बार्शीटाकळी,29,धाराशिव
5,अकोला,7,बार्शीटाकळी,19,छत्रपती संभाजीनगर
5,अकोला,7,बार्शीटाकळी,18,जालना
5,अकोला,7,बार्शीटाकळी,15,नांदेड
5,अकोला,7,बार्शीटाकळी,17,परभणी
5,अकोला,7,बार्शीटाकळी,27,बीड
5,अकोला,7,बार्शीटाकळी,28,लातूर
5,अकोला,7,बार्शीटाकळी,16,हिंगोली
5,अकोला,7,बार्शीटाकळी,21,ठाणे
5,अकोला,7,बार्शीटाकळी,36,पालघर
5,अकोला,7,बार्शीटाकळी,22,मंबई उपनगर
5,अकोला,7,बार्शीटाकळी,32,रत्नागिरी
5,अकोला,7,बार्शीटाकळी,24,रायगड
5,अकोला,7,बार्शीटाकळी,33,सिंधुदुर्ग
5,अकोला,7,बार्शीटाकळी,12,गडचिरोली
5,अकोला,7,बार्शीटाकळी,11,गोंदिया
5,अकोला,7,बार्शीटाकळी,13,चंद्रपूर
5,अकोला,7,बार्शीटाकळी,9,नागपूर
5,अकोला,7,बार्शीटाकळी,10,भंडारा
5,अकोला,7,बार्शीटाकळी,8,अक्षरी सर्वे नंबर
5,अकोला,7,बार्शीटाकळी,26,अहमदनगर
5,अकोला,7,बार्शीटाकळी,3,बाळापुर
5,अकोला,7,बार्शीटाकळी,2,आकोट
5,अकोला,7,बार्शीटाकळी,1,तेल्हारा
5,अकोला,7,बार्शीटाकळी,20,नाशिक
5,अकोला,7,बार्शीटाकळी,34,कोल्हापूर
5,अकोला,7,बार्शीटाकळी,25,पुणे
5,अकोला,7,बार्शीटाकळी,35,सांगली
5,अकोला,7,बार्शीटाकळी,31,सातारा
5,अकोला,7,बार्शीटाकळी,30,सोलापूर
5,अकोला,7,बार्शीटाकळी,5,मुर्तुज़ापुर
5,अकोला,7,बार्शीटाकळी,270500070054690000,अजनी खु.
5,अकोला,7,बार्शीटाकळी,270500070054610000,अजनी बु.
5,अकोला,7,बार्शीटाकळी,270500070054680000,अजनी महाला
5,अकोला,7,बार्शीटाकळी,270500070055150000,अटकली खेर्डा मंडळ
5,अकोला,7,बार्शीटाकळी,270500070054760000,अटकली धाबा मंडळ
5,अकोला,7,बार्शीटाकळी,270500070054530000,अशकरीपुर
5,अकोला,7,बार्शीटाकळी,270500070054590000,अश्रफपुर
5,अकोला,7,बार्शीटाकळी,270500070054520000,आळंदा
5,अकोला,7,बार्शीटाकळी,270500070055370000,आसरटेक
5,अकोला,7,बार्शीटाकळी,270500070054660000,इसापुर
5,अकोला,7,बार्शीटाकळी,270500070054860000,उजळेश्वर
5,अकोला,7,बार्शीटाकळी,270500070055530000,उमरदरी
5,अकोला,7,बार्शीटाकळी,270500070054460000,एरंडा
5,अकोला,7,बार्शीटाकळी,270500070055460000,करडु
5,अकोला,7,बार्शीटाकळी,270500070054850000,काजळेश्वर
5,अकोला,7,बार्शीटाकळी,270500070054440000,कातखेड
5,अकोला,7,बार्शीटाकळी,270500070054420000,कान्हेरी (सरप )
5,अकोला,7,बार्शीटाकळी,270500070055310000,कासमार
5,अकोला,7,बार्शीटाकळी,270500070055580000,कासारखेड
5,अकोला,7,बार्शीटाकळी,270500070055250000,किनखेड
5,अकोला,7,बार्शीटाकळी,270500070054410000,कोथळी खु.
5,अकोला,7,बार्शीटाकळी,270500070055200000,कोथळी बु.
5,अकोला,7,बार्शीटाकळी,270500070054350000,खडकी
5,अकोला,7,बार्शीटाकळी,270500070054650000,खांबोरा
5,अकोला,7,बार्शीटाकळी,270500070055520000,खेर्डा खु.
5,अकोला,7,बार्शीटाकळी,270500070054910000,खेर्डा बु.
5,अकोला,7,बार्शीटाकळी,270500070055330000,खोपडी
5,अकोला,7,बार्शीटाकळी,270500070054570000,खोरी खुदावंतपुर
5,अकोला,7,बार्शीटाकळी,270500070054470000,गोरव्हा
5,अकोला,7,बार्शीटाकळी,270500070055490000,घोटा
5,अकोला,7,बार्शीटाकळी,270500070055000000,चिंचखेड खु.
5,अकोला,7,बार्शीटाकळी,270500070055600000,चिंचखेड बु.
5,अकोला,7,बार्शीटाकळी,270500070055230000,चिंचोली देवदरी
5,अकोला,7,बार्शीटाकळी,270500070054170000,चिंचोली रुद्रायणी
5,अकोला,7,बार्शीटाकळी,270500070054280000,चेलका
5,अकोला,7,बार्शीटाकळी,270500070054400000,चोहोगांव
5,अकोला,7,बार्शीटाकळी,270500070054240000,जनुना
5,अकोला,7,बार्शीटाकळी,270500070055620000,जमकेश्वर
5,अकोला,7,बार्शीटाकळी,270500070054140000,जलालाबाद
5,अकोला,7,बार्शीटाकळी,270500070055130000,जानुना
5,अकोला,7,बार्शीटाकळी,270500070055070000,जांभरून
5,अकोला,7,बार्शीटाकळी,270500070054360000,जाम वसु
5,अकोला,7,बार्शीटाकळी,270500070054770000,जोगलखेड
5,अकोला,7,बार्शीटाकळी,270500070055320000,झोडगा
5,अकोला,7,बार्शीटाकळी,270500070054990000,टाकरखेड
5,अकोला,7,बार्शीटाकळी,270500070055390000,टाकली छबीले
5,अकोला,7,बार्शीटाकळी,270500070055030000,टिटवा
5,अकोला,7,बार्शीटाकळी,270500070055630000,टीटवा
5,अकोला,7,बार्शीटाकळी,270500070055110000,टेभी
5,अकोला,7,बार्शीटाकळी,270500070054880000,डउचका
5,अकोला,7,बार्शीटाकळी,270500070054600000,तवकलपुर
5,अकोला,7,बार्शीटाकळी,270500070054820000,तामसी
5,अकोला,7,बार्शीटाकळी,270500070055020000,तिवसा खु.
5,अकोला,7,बार्शीटाकळी,270500070055010000,तिवसा बु.
5,अकोला,7,बार्शीटाकळी,270500070054790000,दगडपारवा
5,अकोला,7,बार्शीटाकळी,270500070055260000,देवदरी
5,अकोला,7,बार्शीटाकळी,270500070054830000,दोनद खु.
5,अकोला,7,बार्शीटाकळी,270500070054810000,दोनद बु.
5,अकोला,7,बार्शीटाकळी,270500070055610000,धाकली
5,अकोला,7,बार्शीटाकळी,270500070055270000,धानोरा
5,अकोला,7,बार्शीटाकळी,270500070054330000,धाबा
5,अकोला,7,बार्शीटाकळी,270500070054380000,धामनदरी
5,अकोला,7,बार्शीटाकळी,270500070055510000,धारागिरी
5,अकोला,7,बार्शीटाकळी,270500070055280000,धोतरखेड
5,अकोला,7,बार्शीटाकळी,270500070054620000,नसीराबाद
5,अकोला,7,बार्शीटाकळी,270500070054340000,निंबी
5,अकोला,7,बार्शीटाकळी,270500070055430000,निंबी खु.
5,अकोला,7,बार्शीटाकळी,270500070055440000,निंबी बु.
5,अकोला,7,बार्शीटाकळी,270500070054870000,निंभारा
5,अकोला,7,बार्शीटाकळी,270500070055560000,निहीदा
5,अकोला,7,बार्शीटाकळी,270500070054220000,पदमीन
5,अकोला,7,बार्शीटाकळी,270500070054480000,परंडा
5,अकोला,7,बार्शीटाकळी,270500070054180000,पाटखेड
5,अकोला,7,बार्शीटाकळी,270500070055380000,पारडी
5,अकोला,7,बार्शीटाकळी,270500070055500000,पाराभवानी
5,अकोला,7,बार्शीटाकळी,270500070055470001,पिंजर-1
5,अकोला,7,बार्शीटाकळी,270500070055470002,पिंजर-2
5,अकोला,7,बार्शीटाकळी,270500070054500000,पिंपळखुटा
5,अकोला,7,बार्शीटाकळी,270500070055570000,पिंपळगाव चांभारे
5,अकोला,7,बार्शीटाकळी,270500070055650000,पिंपळगाव हांडे
5,अकोला,7,बार्शीटाकळी,270500070054720000,पिंपळशेडा
5,अकोला,7,बार्शीटाकळी,270500070054780000,पुनोती खु.
5,अकोला,7,बार्शीटाकळी,270500070054210000,पुनोती बु.
5,अकोला,7,बार्शीटाकळी,270500070055290000,फेट्रा
5,अकोला,7,बार्शीटाकळी,270500070055540000,बहिरखेड
5,अकोला,7,बार्शीटाकळी,270500070054090000,बाखरापुर
5,अकोला,7,बार्शीटाकळी,270500070054560000,बागायत बाशिर्टाकळी
5,अकोला,7,बार्शीटाकळी,270500070054550001,बार्शीटाकळी-1
5,अकोला,7,बार्शीटाकळी,270500070054550002,बार्शीटाकळी-2
5,अकोला,7,बार्शीटाकळी,270500070054270000,बेलखेड
5,अकोला,7,बार्शीटाकळी,270500070054300000,बोरमळी
5,अकोला,7,बार्शीटाकळी,270500070054490000,ब्राम्हणदरी
5,अकोला,7,बार्शीटाकळी,270500070054580000,भरतपुर
5,अकोला,7,बार्शीटाकळी,270500070055350000,भांबोरा
5,अकोला,7,बार्शीटाकळी,270500070054940000,भेंडगाव
5,अकोला,7,बार्शीटाकळी,270500070054920000,भेडीकाझी
5,अकोला,7,बार्शीटाकळी,270500070054950000,भेंडीमहाल
5,अकोला,7,बार्शीटाकळी,270500070054960000,भेडी सुत्रक
5,अकोला,7,बार्शीटाकळी,270500070054200000,मंगरूळ
5,अकोला,7,बार्शीटाकळी,270500070054930000,मनमतखेड
5,अकोला,7,बार्शीटाकळी,270500070054740000,महागाव धाबा मंडळ
5,अकोला,7,बार्शीटाकळी,270500070055120000,महागाव महान मंडळ
5,अकोला,7,बार्शीटाकळी,270500070055090000,महान
5,अकोला,7,बार्शीटाकळी,270500070054370000,मांडोली
5,अकोला,7,बार्शीटाकळी,270500070054750000,मिर्झापुर
5,अकोला,7,बार्शीटाकळी,270500070054370001,मुंगसाजी नगर
5,अकोला,7,बार्शीटाकळी,270500070055480000,मोझरी  खु.
5,अकोला,7,बार्शीटाकळी,270500070055410000,मोझरी बु.
5,अकोला,7,बार्शीटाकळी,270500070055360000,मोरगाव काकड
5,अकोला,7,बार्शीटाकळी,270500070055590000,मो-हळ
5,अकोला,7,बार्शीटाकळी,270500070054840000,यावलखेड
5,अकोला,7,बार्शीटाकळी,270500070054130001,राजंदा-1
5,अकोला,7,बार्शीटाकळी,270500070054130002,राजंदा-2
5,अकोला,7,बार्शीटाकळी,270500070054190000,राजनखेड
5,अकोला,7,बार्शीटाकळी,270500070054250000,राजनखेड तांडा
5,अकोला,7,बार्शीटाकळी,270500070055100000,रामगांव
5,अकोला,7,बार्शीटाकळी,270500070054670000,राहीत
5,अकोला,7,बार्शीटाकळी,270500070054510000,रूस्तमाबाद
5,अकोला,7,बार्शीटाकळी,270500070054700000,रेडवा
5,अकोला,7,बार्शीटाकळी,270500070055550000,लखमापुर
5,अकोला,7,बार्शीटाकळी,270500070054320000,लोहगड
5,अकोला,7,बार्शीटाकळी,270500070054310000,लोहगड तांडा
5,अकोला,7,बार्शीटाकळी,270500070055450000,वडगाव
5,अकोला,7,बार्शीटाकळी,270500070054710000,वडाला
5,अकोला,7,बार्शीटाकळी,270500070055140000,वडाळा
5,अकोला,7,बार्शीटाकळी,270500070054070000,वरखेड
5,अकोला,7,बार्शीटाकळी,270500070055220000,वरखेड खु.
5,अकोला,7,बार्शीटाकळी,270500070054800000,वरखेड बु.
5,अकोला,7,बार्शीटाकळी,270500070054150000,वरखेड वाघजाली
5,अकोला,7,बार्शीटाकळी,270500070055180000,वस्तापूर
5,अकोला,7,बार्शीटाकळी,270500070055190000,वाई
5,अकोला,7,बार्शीटाकळी,270500070054160000,वाघजाळी
5,अकोला,7,बार्शीटाकळी,270500070055300000,वाघा खु.
5,अकोला,7,बार्शीटाकळी,270500070055210000,वाघा बु.
5,अकोला,7,बार्शीटाकळी,270500070054730000,वानखेडपुर
5,अकोला,7,बार्शीटाकळी,270500070054980000,वाल्पी
5,अकोला,7,बार्शीटाकळी,270500070054450000,विझोरा
5,अकोला,7,बार्शीटाकळी,270500070054110000,शहापुर
5,अकोला,7,बार्शीटाकळी,270500070054100000,शिंदखेड
5,अकोला,7,बार्शीटाकळी,270500070055050000,शिवापुर
5,अकोला,7,बार्शीटाकळी,270500070054260000,शेलगांव
5,अकोला,7,बार्शीटाकळी,270500070054630000,शेलापुर
5,अकोला,7,बार्शीटाकळी,270500070054900000,शेलु खु.
5,अकोला,7,बार्शीटाकळी,270500070054890000,शेलु बु.
5,अकोला,7,बार्शीटाकळी,270500070054230000,सकनी
5,अकोला,7,बार्शीटाकळी,270500070054540000,सफेपुर
5,अकोला,7,बार्शीटाकळी,270500070054430000,सराव
5,अकोला,7,बार्शीटाकळी,270500070055240000,साखरविरा
5,अकोला,7,बार्शीटाकळी,270500070055080000,सातळी
5,अकोला,7,बार्शीटाकळी,270500070055400000,सादलपुर
5,अकोला,7,बार्शीटाकळी,270500070054390000,सायखेड
5,अकोला,7,बार्शीटाकळी,270500070055340000,सारकिन्ही
5,अकोला,7,बार्शीटाकळी,270500070054970000,साल्पी
5,अकोला,7,बार्शीटाकळी,270500070055640000,सावरखेड
5,अकोला,7,बार्शीटाकळी,270500070054640000,साहीत
5,अकोला,7,बार्शीटाकळी,270500070054080000,सुकळी
5,अकोला,7,बार्शीटाकळी,270500070055420000,सुलतानपुर
5,अकोला,7,बार्शीटाकळी,270500070054290000,सेवानगर
5,अकोला,7,बार्शीटाकळी,270500070055040000,सैय्यदपुर
5,अकोला,7,बार्शीटाकळी,270500070054120000,सोनगिरी
5,अकोला,7,बार्शीटाकळी,270500070055060000,हलदोली
5,अकोला,7,बार्शीटाकळी,270500070055160000,हातोला
5,अकोला,7,बार्शीटाकळी,270500070055170000,हिरकनी
5,अकोला,7,बार्शीटाकळी,en_in,English
5,अकोला,7,बार्शीटाकळी,hi_in,Hindi
5,अकोला,7,बार्शीटाकळी,bn_in,Bengali
5,अकोला,7,बार्शीटाकळी,gj_in,Gujarati
5,अकोला,7,बार्शीटाकळी,pn_in,Punjabi
5,अकोला,7,बार्शीटाकळी,ml_in,Malayalam
5,अकोला,7,बार्शीटाकळी,tm_in,Tamil
5,अकोला,7,बार्शीटाकळी,tl_in,Telugu
5,अकोला,7,बार्शीटाकळी,kn_in,Kannada
5,अकोला,7,बार्शीटाकळी,or_in,Oriya
5,अकोला,7,बार्शीटाकळी,ur_in,Urdu
5,अकोला,7,बार्शीटाकळी,as_in,Assamese
5,अकोला,7,बार्शीटाकळी,mn_in,Manipuri(Assamese)
5,अकोला,7,बार्शीटाकळी,ni_in,Nepali
5,अकोला,7,बार्शीटाकळी,ko_in,Konkani
5,अकोला,7,बार्शीटाकळी,mi_in,Maithili(Devanagri)
5,अकोला,7,बार्शीटाकळी,di_in,Dogri
5,अकोला,7,बार्शीटाकळी,bo_in,Bodo
5,अकोला,7,बार्शीटाकळी,st_in,Santhali(Devanagri)
5,अकोला,7,बार्शीटाकळी,sd_in,Sindhi(Devanagri)
5,अकोला,7,बार्शीटाकळी,ks_in,Kashmiri(Devanagri)
5,अकोला,7,बार्शीटाकळी,ks.pa_in,Kashmiri(Perso Arabic)
5,अकोला,7,बार्शीटाकळी,sk_in,Sanskrit
5,अकोला,4,अकोला,7,बार्शीटाकळी
5,अकोला,4,अकोला,4,बुलडाणा
5,अकोला,4,अकोला,14,यवतमाळ
5,अकोला,4,अकोला,6,पातुर
5,अकोला,4,अकोला,29,धाराशिव
5,अकोला,4,अकोला,19,छत्रपती संभाजीनगर
5,अकोला,4,अकोला,18,जालना
5,अकोला,4,अकोला,15,नांदेड
5,अकोला,4,अकोला,17,परभणी
5,अकोला,4,अकोला,27,बीड
5,अकोला,4,अकोला,28,लातूर
5,अकोला,4,अकोला,16,हिंगोली
5,अकोला,4,अकोला,21,ठाणे
5,अकोला,4,अकोला,36,पालघर
5,अकोला,4,अकोला,22,मंबई उपनगर
5,अकोला,4,अकोला,32,रत्नागिरी
5,अकोला,4,अकोला,24,रायगड
5,अकोला,4,अकोला,33,सिंधुदुर्ग
5,अकोला,4,अकोला,12,गडचिरोली
5,अकोला,4,अकोला,11,गोंदिया
5,अकोला,4,अकोला,13,चंद्रपूर
5,अकोला,4,अकोला,9,नागपूर
5,अकोला,4,अकोला,10,भंडारा
5,अकोला,4,अकोला,8,अक्षरी सर्वे नंबर
5,अकोला,4,अकोला,26,अहमदनगर
5,अकोला,4,अकोला,3,बाळापुर
5,अकोला,4,अकोला,2,आकोट
5,अकोला,4,अकोला,1,तेल्हारा
5,अकोला,4,अकोला,20,नाशिक
5,अकोला,4,अकोला,34,कोल्हापूर
5,अकोला,4,अकोला,25,पुणे
5,अकोला,4,अकोला,35,सांगली
5,अकोला,4,अकोला,31,सातारा
5,अकोला,4,अकोला,30,सोलापूर
5,अकोला,4,अकोला,5,मुर्तुज़ापुर
5,अकोला,4,अकोला,270500040051260000,अकोला
5,अकोला,4,अकोला,270500040051330000,अकोली खु
5,अकोला,4,अकोला,270500040051320000,अकोली बु
5,अकोला,4,अकोला,270500040051200000,अक्कलकोट
5,अकोला,4,अकोला,270500040050300000,अनकवाडी
5,अकोला,4,अकोला,270500040050970000,अन्वी
5,अकोला,4,अकोला,270500040050140000,अंबिकापुर
5,अकोला,4,अकोला,270500040049920000,अमानतपुर
5,अकोला,4,अकोला,270500040050330000,अलीयाबाद
5,अकोला,4,अकोला,270500040050290000,आखतवाडा
5,अकोला,4,अकोला,270500040049780001,आगर भाग 1
5,अकोला,4,अकोला,270500040049780002,आगर भाग 2
5,अकोला,4,अकोला,270500040050170000,आपातापा
5,अकोला,4,अकोला,270500040050180000,आपोती खु
5,अकोला,4,अकोला,270500040050250000,आपोती बु.
5,अकोला,4,अकोला,270500040051050000,उकळी
5,अकोला,4,अकोला,270500040049750000,उगवा
5,अकोला,4,अकोला,270500040051120000,उमरखेड
5,अकोला,4,अकोला,270500040051180000,उमरी प्रगणे  अकोला
5,अकोला,4,अकोला,270500044050500000,उमरी प्रगणे  बाळापुर
5,अकोला,4,अकोला,270500040050090000,एकलारा
5,अकोला,4,अकोला,270500040049790000,कंचनपुर
5,अकोला,4,अकोला,270500040050060000,कटयार
5,अकोला,4,अकोला,270500040050080000,कपिलेश्वर
5,अकोला,4,अकोला,270500040051360000,कळंबेश्वर
5,अकोला,4,अकोला,270500040049970000,काटी
5,अकोला,4,अकोला,270500040049890000,कानडी
5,अकोला,4,अकोला,270500040050790000,कानशिवणी
5,अकोला,4,अकोला,270500040051460000,कापशी तलाव
5,अकोला,4,अकोला,270500040051480000,कापशी रोड
5,अकोला,4,अकोला,270500040050510000,कासमपुर
5,अकोला,4,अकोला,270500040050110000,कासली खु
5,अकोला,4,अकोला,270500040050120000,कासली बु
5,अकोला,4,अकोला,270500040051290000,कुंभारी
5,अकोला,4,अकोला,270500040050610000,कुरणखेड
5,अकोला,4,अकोला,270500040050680000,कोठारी
5,अकोला,4,अकोला,270500040050720000,कोळंबी
5,अकोला,4,अकोला,270500040050130000,कौलखेड
5,अकोला,4,अकोला,270500040250460000,कौलखेड गोमासे
5,अकोला,4,अकोला,270500040150460000,कौलखेड जहागीर
5,अकोला,4,अकोला,270500040050540000,खडका
5,अकोला,4,अकोला,270500040049860000,खडकी टाकळी
5,अकोला,4,अकोला,270500040051300000,खडकी बु
5,अकोला,4,अकोला,270500040051350000,खरप खु
5,अकोला,4,अकोला,270500040051130000,खरप बु
5,अकोला,4,अकोला,270500040050030000,खानापुर
5,अकोला,4,अकोला,270500040049840000,खानापुर उजाड
5,अकोला,4,अकोला,270500040049660000,खांबोरा
5,अकोला,4,अकोला,270500040049760000,खेकडी
5,अकोला,4,अकोला,270500040050240000,खोबरखेड
5,अकोला,4,अकोला,270500040050020000,गणोरी
5,अकोला,4,अकोला,270500040049610000,गांधीग्राम
5,अकोला,4,अकोला,270500040051170000,गुडधी
5,अकोला,4,अकोला,270500040050160000,गोणापुर
5,अकोला,4,अकोला,270500040049650000,गोत्रा
5,अकोला,4,अकोला,270500040050450000,गोंदापुर
5,अकोला,4,अकोला,270500040049600000,गोपालखेड
5,अकोला,4,अकोला,270500040051430000,गोरेगांव खु
5,अकोला,4,अकोला,270500040051440000,गोरेगांव  बु
5,अकोला,4,अकोला,270500040050320001,घुसर भाग 1
5,अकोला,4,अकोला,270500040050320002,घुसर भाग 2
5,अकोला,4,अकोला,270500040050220000,घुसरवाडी
5,अकोला,4,अकोला,270500040050890000,घोंगा
5,अकोला,4,अकोला,270500040051380000,चांगेफळ
5,अकोला,4,अकोला,270500040051150000,चाचोंडी
5,अकोला,4,अकोला,270500040050820000,चांदकी
5,अकोला,4,अकोला,270500040049730000,चांदपुर
5,अकोला,4,अकोला,270500040051370000,चांदुर
5,अकोला,4,अकोला,270500040151500000,चिखलगांव भाग 1
5,अकोला,4,अकोला,270500040251500000,चिखलगांव  भाग 2
5,अकोला,4,अकोला,270500040050500000,जलालपुर
5,अकोला,4,अकोला,270500040050360000,जलालाबाद
5,अकोला,4,अकोला,270500040050810000,जवळा खु
5,अकोला,4,अकोला,270500040050760000,जवळा  बु
5,अकोला,4,अकोला,270500040049910000,टाकळी  जलम
5,अकोला,4,अकोला,270500040050800000,टाकळी पोटे
5,अकोला,4,अकोला,270500040051080000,डाबकी
5,अकोला,4,अकोला,270500040050990000,डोंगरगाव
5,अकोला,4,अकोला,270500040050650000,ढगा
5,अकोला,4,अकोला,270500040051220000,तपलाबाद
5,अकोला,4,अकोला,270500040049870000,ताकोडा
5,अकोला,4,अकोला,270500040050560000,तानखेड
5,अकोला,4,अकोला,270500040050690000,तामशी
5,अकोला,4,अकोला,270500040049740000,तारापुर
5,अकोला,4,अकोला,270500040050910000,तेलखेड
5,अकोला,4,अकोला,270500040050490000,दहिगाव गावंडे
5,अकोला,4,अकोला,270500040050050000,दहीहांडा
5,अकोला,4,अकोला,270500040050840000,दापकी जहॉगीर
5,अकोला,4,अकोला,270500040050150000,दापुरा
5,अकोला,4,अकोला,270500040050730000,दाळंबी
5,अकोला,4,अकोला,270500040050850000,दुधलम
5,अकोला,4,अकोला,270500040049680000,दुधाळा
5,अकोला,4,अकोला,270500040050780000,देवळी
5,अकोला,4,अकोला,270500040050750000,दोडकी
5,अकोला,4,अकोला,270500040050100000,दोनवाडा
5,अकोला,4,अकोला,270500040051490000,धापशी
5,अकोला,4,अकोला,270500040049570000,धामणा
5,अकोला,4,अकोला,270500040050410000,धोतर्डी
5,अकोला,4,अकोला,270500040050770000,नंदापुर
5,अकोला,4,अकोला,270500040049800000,नवथळ
5,अकोला,4,अकोला,270500040051110000,नायगाव
5,अकोला,4,अकोला,270500040050280000,नावखेड
5,अकोला,4,अकोला,270500040051230000,निझामपुर
5,अकोला,4,अकोला,270500040050670000,निपाणा
5,अकोला,4,अकोला,270500040051420000,निंबी मालोकार
5,अकोला,4,अकोला,270500040049960000,निंभोरा
5,अकोला,4,अकोला,270500040049580000,निराट
5,अकोला,4,अकोला,270500040050310000,निर्मलखेड
5,अकोला,4,अकोला,270500040049770000,परितवाडा
5,अकोला,4,अकोला,270500040050550000,पळसो खु
5,अकोला,4,अकोला,270500040050470000,पळसो बु
5,अकोला,4,अकोला,270500040050640000,पहाडपुर
5,अकोला,4,अकोला,270500040051140000,पाचपिंपळ
5,अकोला,4,अकोला,270500040049980000,पाटी
5,अकोला,4,अकोला,270500040050880000,पातुर नंदापुर
5,अकोला,4,अकोला,270500040049710000,पाळोदी
5,अकोला,4,अकोला,270500040050600000,पैलपाडा
5,अकोला,4,अकोला,270500040049640000,फरमरदाबाद
5,अकोला,4,अकोला,270500040050530000,बहादरपूर
5,अकोला,4,अकोला,270500040050420000,बहिरखेड
5,अकोला,4,अकोला,270500040049930000,बाखराबाद
5,अकोला,4,अकोला,270500040049810000,बादलापुर
5,अकोला,4,अकोला,270500040050940000,बाभुळगाव
5,अकोला,4,अकोला,270500040050570000,बिरसिंगपुर
5,अकोला,4,अकोला,270500040051390000,बोंदरखेड
5,अकोला,4,अकोला,270500040050930000,बोंदरखेड
5,अकोला,4,अकोला,270500040050830000,बोरगाव खु
5,अकोला,4,अकोला,270500040050960001,बोरगावं  मंजु  भाग 1
5,अकोला,4,अकोला,270500040050960002,बोरगावं  मंजु  भाग 2
5,अकोला,4,अकोला,270500040050960003,बोरगावं  मंजु  भाग 3
5,अकोला,4,अकोला,270500040050960004,बोरगावं  मंजु  भाग 4
5,अकोला,4,अकोला,270500040050000000,ब्रम्हपुरी
5,अकोला,4,अकोला,270500040049820000,भोड
5,अकोला,4,अकोला,270500040051090000,भौरद
5,अकोला,4,अकोला,270500040050350000,मजलापुर
5,अकोला,4,अकोला,270500040049670000,मंडाळा
5,अकोला,4,अकोला,270500044050600000,मलकापुर
5,अकोला,4,अकोला,270500040050480000,महादलपुर
5,अकोला,4,अकोला,270500040051450000,माझोड
5,अकोला,4,अकोला,270500040050190000,मारोडी
5,अकोला,4,अकोला,270500040051030000,मासा
5,अकोला,4,अकोला,270500040050630000,मिर्झापुर
5,अकोला,4,अकोला,270500040050980000,मिर्झापुर अन्‍वी
5,अकोला,4,अकोला,270500040050440000,मुजरे महंमदपुर
5,अकोला,4,अकोला,270500040050740000,मुस्तफापुर
5,अकोला,4,अकोला,270500040049940000,मोरगाव भाकरे
5,अकोला,4,अकोला,270500040050210000,म्हातोडी
5,अकोला,4,अकोला,270500040051400000,म्हैसपुर
5,अकोला,4,अकोला,270500040050340000,म्हैसांग
5,अकोला,4,अकोला,270500040051160000,यावलखेड
5,अकोला,4,अकोला,270500040051070000,येळवण
5,अकोला,4,अकोला,270500040051020000,येवता
5,अकोला,4,अकोला,270500040050580000,रंभापुर
5,अकोला,4,अकोला,270500040050590000,राजापुर
5,अकोला,4,अकोला,270500040050430000,रामगांव
5,अकोला,4,अकोला,270500040049990000,रोहना
5,अकोला,4,अकोला,270500040051470000,लाखनवाडा
5,अकोला,4,अकोला,270500040050200000,लाखोंडा खु
5,अकोला,4,अकोला,270500040050230000,लाखोंडा बु
5,अकोला,4,अकोला,270500040049690000,लोणाग्रा
5,अकोला,4,अकोला,270500040051340000,लोणी
5,अकोला,4,अकोला,270500040050070000,वडद खु
5,अकोला,4,अकोला,270500040050010000,वडद बु
5,अकोला,4,अकोला,270500040050660000,वणी
5,अकोला,4,अकोला,270500040050380000,वरोडी
5,अकोला,4,अकोला,270500040049620000,वल्लभनगर
5,अकोला,4,अकोला,270500040051100000,वाकापुर
5,अकोला,4,अकोला,270500040050370000,वाकी
5,अकोला,4,अकोला,270500040050700000,वाळकी
5,अकोला,4,अकोला,270500040050950000,वाशिंबा
5,अकोला,4,अकोला,270500040049590000,वैराट राजापुर
5,अकोला,4,अकोला,270500040051190000,शहानवाजपूर
5,अकोला,4,अकोला,270500040050520000,शहापुर
5,अकोला,4,अकोला,270500040049830000,शहापुर उजाड
5,अकोला,4,अकोला,270500040050260000,शामाबाद
5,अकोला,4,अकोला,270500040050870000,शिखतखेड
5,अकोला,4,अकोला,270500040049900000,शिलोडा
5,अकोला,4,अकोला,270500040051280000,शिवणी
5,अकोला,4,अकोला,270500040051270000,शिवर
5,अकोला,4,अकोला,270500040051310000,शिवापुर
5,अकोला,4,अकोला,270500040050710000,शेखापुर
5,अकोला,4,अकोला,270500040050860000,संतोषपुर
5,अकोला,4,अकोला,270500040050400000,सांगळुद खु
5,अकोला,4,अकोला,270500040050390000,सांगळुद बु
5,अकोला,4,अकोला,270500040049630000,सांगवी खु
5,अकोला,4,अकोला,270500040049720000,सांगवी बु
5,अकोला,4,अकोला,270500040049850000,सांगवी मोहाडी
5,अकोला,4,अकोला,270500040050920000,सिसा
5,अकोला,4,अकोला,270500040051000000,सिसा उदेगांव
5,अकोला,4,अकोला,270500040051060000,सुकळी
5,अकोला,4,अकोला,270500040051210000,सुकापुर
5,अकोला,4,अकोला,270500040049880000,सुकोडा
5,अकोला,4,अकोला,270500040050270000,सुलतान अजमपुर
5,अकोला,4,अकोला,270500040050900000,सोनखास
5,अकोला,4,अकोला,270500040051040000,सोनाळा
5,अकोला,4,अकोला,270500040051250000,सोमठाणा
5,अकोला,4,अकोला,270500040049700000,हातला
5,अकोला,4,अकोला,270500040051010000,हिंगणा कुंभारी
5,अकोला,4,अकोला,270500040049950000,हिंगणा तामसवाडी
5,अकोला,4,अकोला,270500040051410000,हिंगणा बारलिंगा
5,अकोला,4,अकोला,270500040051240000,हिंगणा  म्हैसपुर
5,अकोला,4,अकोला,270500040050040000,हिंगणी बु
5,अकोला,4,अकोला,270500040050620000,हिंगना  जहांगीर
5,अकोला,4,अकोला,en_in,English
5,अकोला,4,अकोला,hi_in,Hindi
5,अकोला,4,अकोला,bn_in,Bengali
5,अकोला,4,अकोला,gj_in,Gujarati
5,अकोला,4,अकोला,pn_in,Punjabi
5,अकोला,4,अकोला,ml_in,Malayalam
5,अकोला,4,अकोला,tm_in,Tamil
5,अकोला,4,अकोला,tl_in,Telugu
5,अकोला,4,अकोला,kn_in,Kannada
5,अकोला,4,अकोला,or_in,Oriya
5,अकोला,4,अकोला,ur_in,Urdu
5,अकोला,4,अकोला,as_in,Assamese
5,अकोला,4,अकोला,mn_in,Manipuri(Assamese)
5,अकोला,4,अकोला,ni_in,Nepali
5,अकोला,4,अकोला,ko_in,Konkani
5,अकोला,4,अकोला,mi_in,Maithili(Devanagri)
5,अकोला,4,अकोला,di_in,Dogri
5,अकोला,4,अकोला,bo_in,Bodo
5,अकोला,4,अकोला,st_in,Santhali(Devanagri)
5,अकोला,4,अकोला,sd_in,Sindhi(Devanagri)
5,अकोला,4,अकोला,ks_in,Kashmiri(Devanagri)
5,अकोला,4,अकोला,ks.pa_in,Kashmiri(Perso Arabic)
5,अकोला,4,अकोला,sk_in,Sanskrit
5,अकोला,6,पातुर,7,बार्शीटाकळी
5,अकोला,6,पातुर,4,अकोला
5,अकोला,6,पातुर,14,यवतमाळ
5,अकोला,6,पातुर,6,वाशिम
5,अकोला,6,पातुर,29,धाराशिव
5,अकोला,6,पातुर,19,छत्रपती संभाजीनगर
5,अकोला,6,पातुर,18,जालना
5,अकोला,6,पातुर,15,नांदेड
5,अकोला,6,पातुर,17,परभणी
5,अकोला,6,पातुर,27,बीड
5,अकोला,6,पातुर,28,लातूर
5,अकोला,6,पातुर,16,हिंगोली
5,अकोला,6,पातुर,21,ठाणे
5,अकोला,6,पातुर,36,पालघर
5,अकोला,6,पातुर,22,मंबई उपनगर
5,अकोला,6,पातुर,32,रत्नागिरी
5,अकोला,6,पातुर,24,रायगड
5,अकोला,6,पातुर,33,सिंधुदुर्ग
5,अकोला,6,पातुर,12,गडचिरोली
5,अकोला,6,पातुर,11,गोंदिया
5,अकोला,6,पातुर,13,चंद्रपूर
5,अकोला,6,पातुर,9,नागपूर
5,अकोला,6,पातुर,10,भंडारा
5,अकोला,6,पातुर,8,अक्षरी सर्वे नंबर
5,अकोला,6,पातुर,26,अहमदनगर
5,अकोला,6,पातुर,3,बाळापुर
5,अकोला,6,पातुर,2,आकोट
5,अकोला,6,पातुर,1,तेल्हारा
5,अकोला,6,पातुर,20,नाशिक
5,अकोला,6,पातुर,34,कोल्हापूर
5,अकोला,6,पातुर,25,पुणे
5,अकोला,6,पातुर,35,सांगली
5,अकोला,6,पातुर,31,सातारा
5,अकोला,6,पातुर,30,सोलापूर
5,अकोला,6,पातुर,5,मुर्तुज़ापुर
5,अकोला,6,पातुर,270500060053260000,अडगांव खु.
5,अकोला,6,पातुर,270500060053430000,अंबाशी
5,अकोला,6,पातुर,270500060053850000,आगिखेड
5,अकोला,6,पातुर,270500060053660000,आंधार सांगवी
5,अकोला,6,पातुर,270500060053520000,आलेगांव
5,अकोला,6,पातुर,270500060053460000,आसोला
5,अकोला,6,पातुर,270500060053950000,आस्टुल
5,अकोला,6,पातुर,270500060053590000,उमरवाडी
5,अकोला,6,पातुर,270500060053310000,उमरा
5,अकोला,6,पातुर,270500060053990000,काकडदरी
5,अकोला,6,पातुर,270500060053470000,कार्ला
5,अकोला,6,पातुर,270500060053940000,कोठारी खु.
5,अकोला,6,पातुर,270500060053960000,कोठारी बु.
5,अकोला,6,पातुर,270500060053980000,कोसगाव
5,अकोला,6,पातुर,270500060053920000,खानापुर
5,अकोला,6,पातुर,270500060053530000,खापरखेड
5,अकोला,6,पातुर,270500060053840000,खामखेड
5,अकोला,6,पातुर,270500060053140000,खेट्री
5,अकोला,6,पातुर,270500060053490000,गावंडगांव
5,अकोला,6,पातुर,270500060054050000,गोंधळवाडी
5,अकोला,6,पातुर,270500060053480000,गोऴेगांव
5,अकोला,6,पातुर,270500060053230000,चतारी
5,अकोला,6,पातुर,270500060053420000,चरनगावं
5,अकोला,6,पातुर,270500060053240000,चांगेफळ
5,अकोला,6,पातुर,270500060053280000,चान्नी
5,अकोला,6,पातुर,270500060053650000,चारमोळी
5,अकोला,6,पातुर,270500060053580000,चिखलवाड
5,अकोला,6,पातुर,270500060054030000,चिंचखेड (पातुर )
5,अकोला,6,पातुर,270500060053510000,चिचखेड पिंपऴखुटा
5,अकोला,6,पातुर,270500060053670000,चिंचखेड सस्ती
5,अकोला,6,पातुर,270500060053640000,चोंढी
5,अकोला,6,पातुर,270500060053560000,जांब
5,अकोला,6,पातुर,270500060053800000,जांभरुण
5,अकोला,6,पातुर,270500060053820001,जिरायत पातुर-1
5,अकोला,6,पातुर,270500060053820002,जिरायत पातुर-2
5,अकोला,6,पातुर,270500060053820003,जिरायत पातुर-3
5,अकोला,6,पातुर,270500060053860000,जोग तलाव
5,अकोला,6,पातुर,270500060053340000,झरंडी
5,अकोला,6,पातुर,270500060053150000,टाकऴी खेट्री
5,अकोला,6,पातुर,270500060053710000,डिग्रस खुर्द.
5,अकोला,6,पातुर,270500060053380000,डोलारखेड
5,अकोला,6,पातुर,270500060053730000,तादंळी खूर्द
5,अकोला,6,पातुर,270500060053720000,तांदऴी बु.
5,अकोला,6,पातुर,270500060053180000,तुलंगा खुर्द
5,अकोला,6,पातुर,270500060053200000,तुलंगा बु.
5,अकोला,6,पातुर,270500060053770000,दादुलगाव
5,अकोला,6,पातुर,270500060053210000,दिग्रस बु.
5,अकोला,6,पातुर,270500060053810000,देऊळगांव
5,अकोला,6,पातुर,270500060053620000,धदम
5,अकोला,6,पातुर,270500060053630000,नवेगाव
5,अकोला,6,पातुर,270500060053830000,नांदखेड
5,अकोला,6,पातुर,270500060053190000,निमखेड
5,अकोला,6,पातुर,270500060054000000,पट्टी अमराई पातूर
5,अकोला,6,पातुर,270500060053450000,पळसखेड
5,अकोला,6,पातुर,270500060053330000,पांगरताटी
5,अकोला,6,पातुर,270500060053360000,पांगरा
5,अकोला,6,पातुर,270500060053550000,पाचरण
5,अकोला,6,पातुर,270500060053500000,पाडसिंगी
5,अकोला,6,पातुर,270500060053930000,पार्डी
5,अकोला,6,पातुर,270500060053610000,पांर्ढूणा
5,अकोला,6,पातुर,270500060053970000,पास्टुल
5,अकोला,6,पातुर,270500060053250001,पिंपऴखुटा-1
5,अकोला,6,पातुर,270500060053250002,पिंपऴखुटा-2
5,अकोला,6,पातुर,270500060053570000,पिंपळडोली
5,अकोला,6,पातुर,270500060053890000,बगायत पातुर
5,अकोला,6,पातुर,270500060053790000,बाभऴी
5,अकोला,6,पातुर,270500060053780000,बाभूऴगांव
5,अकोला,6,पातुर,270500060053440000,बेलतऴा
5,अकोला,6,पातुर,270500060053690000,बेलुरा खुर्द.
5,अकोला,6,पातुर,270500060053680000,बेलुरा बु.
5,अकोला,6,पातुर,270500060054010000,बोडखा
5,अकोला,6,पातुर,270500060053760000,भंडारज खु.
5,अकोला,6,पातुर,270500060053740000,भंडारज .बु.
5,अकोला,6,पातुर,270500060053900000,भानोस
5,अकोला,6,पातुर,270500060053910000,मलकापूर
5,अकोला,6,पातुर,270500060053370000,मळसुर
5,अकोला,6,पातुर,270500060054040000,माऴराजुरा
5,अकोला,6,पातुर,270500060053870000,मौजे शिव
5,अकोला,6,पातुर,270500060053270000,राहेर
5,अकोला,6,पातुर,270500060053160000,लावखेड
5,अकोला,6,पातुर,270500060053390000,वरणगांव
5,अकोला,6,पातुर,270500060053350000,वसाली
5,अकोला,6,पातुर,270500060053120000,वहाळा बु .
5,अकोला,6,पातुर,270500060053410000,विवरा
5,अकोला,6,पातुर,270500060053130000,शिरपुर
5,अकोला,6,पातुर,270500060053750000,शिर्ला
5,अकोला,6,पातुर,270500060053540000,शेकापुर
5,अकोला,6,पातुर,270500060053220001,सस्ती-1
5,अकोला,6,पातुर,270500060053220002,सस्ती-2
5,अकोला,6,पातुर,270500060053170000,सांगोळा
5,अकोला,6,पातुर,270500060053290000,सायवनी
5,अकोला,6,पातुर,270500060054060000,सावरखेड
5,अकोला,6,पातुर,270500060053320001,सावरगांव-1
5,अकोला,6,पातुर,270500060053320002,सावरगांव-2
5,अकोला,6,पातुर,270500060053400000,सुकऴी
5,अकोला,6,पातुर,270500060053880000,सोतलवन
5,अकोला,6,पातुर,270500060053600000,सोनूना
5,अकोला,6,पातुर,270500060053700000,हिंगणा वाडेगांव
5,अकोला,6,पातुर,270500060053300000,हिवरा
5,अकोला,6,पातुर,en_in,English
5,अकोला,6,पातुर,hi_in,Hindi
5,अकोला,6,पातुर,bn_in,Bengali
5,अकोला,6,पातुर,gj_in,Gujarati
5,अकोला,6,पातुर,pn_in,Punjabi
5,अकोला,6,पातुर,ml_in,Malayalam
5,अकोला,6,पातुर,tm_in,Tamil
5,अकोला,6,पातुर,tl_in,Telugu
5,अकोला,6,पातुर,kn_in,Kannada
5,अकोला,6,पातुर,or_in,Oriya
5,अकोला,6,पातुर,ur_in,Urdu
5,अकोला,6,पातुर,as_in,Assamese
5,अकोला,6,पातुर,mn_in,Manipuri(Assamese)
5,अकोला,6,पातुर,ni_in,Nepali
5,अकोला,6,पातुर,ko_in,Konkani
5,अकोला,6,पातुर,mi_in,Maithili(Devanagri)
5,अकोला,6,पातुर,di_in,Dogri
5,अकोला,6,पातुर,bo_in,Bodo
5,अकोला,6,पातुर,st_in,Santhali(Devanagri)
5,अकोला,6,पातुर,sd_in,Sindhi(Devanagri)
5,अकोला,6,पातुर,ks_in,Kashmiri(Devanagri)
5,अकोला,6,पातुर,ks.pa_in,Kashmiri(Perso Arabic)
5,अकोला,6,पातुर,sk_in,Sanskrit
5,अकोला,3,बाळापुर,7,बार्शीटाकळी
5,अकोला,3,बाळापुर,4,अकोला
5,अकोला,3,बाळापुर,14,यवतमाळ
5,अकोला,3,बाळापुर,6,पातुर
5,अकोला,3,बाळापुर,29,धाराशिव
5,अकोला,3,बाळापुर,19,छत्रपती संभाजीनगर
5,अकोला,3,बाळापुर,18,जालना
5,अकोला,3,बाळापुर,15,नांदेड
5,अकोला,3,बाळापुर,17,परभणी
5,अकोला,3,बाळापुर,27,बीड
5,अकोला,3,बाळापुर,28,लातूर
5,अकोला,3,बाळापुर,16,हिंगोली
5,अकोला,3,बाळापुर,21,ठाणे
5,अकोला,3,बाळापुर,36,पालघर
5,अकोला,3,बाळापुर,22,मंबई उपनगर
5,अकोला,3,बाळापुर,32,रत्नागिरी
5,अकोला,3,बाळापुर,24,रायगड
5,अकोला,3,बाळापुर,33,सिंधुदुर्ग
5,अकोला,3,बाळापुर,12,गडचिरोली
5,अकोला,3,बाळापुर,11,गोंदिया
5,अकोला,3,बाळापुर,13,चंद्रपूर
5,अकोला,3,बाळापुर,9,नागपूर
5,अकोला,3,बाळापुर,10,भंडारा
5,अकोला,3,बाळापुर,8,अक्षरी सर्वे नंबर
5,अकोला,3,बाळापुर,26,अहमदनगर
5,अकोला,3,बाळापुर,3,जळगाव
5,अकोला,3,बाळापुर,2,आकोट
5,अकोला,3,बाळापुर,1,तेल्हारा
5,अकोला,3,बाळापुर,20,नाशिक
5,अकोला,3,बाळापुर,34,कोल्हापूर
5,अकोला,3,बाळापुर,25,पुणे
5,अकोला,3,बाळापुर,35,सांगली
5,अकोला,3,बाळापुर,31,सातारा
5,अकोला,3,बाळापुर,30,सोलापूर
5,अकोला,3,बाळापुर,5,मुर्तुज़ापुर
5,अकोला,3,बाळापुर,270500030049060000,अडोशी
5,अकोला,3,बाळापुर,270500030048840000,अंत्री मलकापूर
5,अकोला,3,बाळापुर,270500030048730001,अंदुरा-1
5,अकोला,3,बाळापुर,270500030048730002,अंदुरा-2
5,अकोला,3,बाळापुर,270500030048860000,उरळ खुर्द
5,अकोला,3,बाळापुर,270500030048870000,उरळ बु.
5,अकोला,3,बाळापुर,270500030049240000,ओंकारखेड
5,अकोला,3,बाळापुर,270500030049050000,कडोशी
5,अकोला,3,बाळापुर,270500030048970000,कळंबा खुर्द
5,अकोला,3,बाळापुर,270500030048990000,कळंबा बु.
5,अकोला,3,बाळापुर,270500030048980000,कळंबी महागांव
5,अकोला,3,बाळापुर,270500030048810000,कवठा
5,अकोला,3,बाळापुर,270500030049010000,कसुरा
5,अकोला,3,बाळापुर,270500030048590000,काजीखेड
5,अकोला,3,बाळापुर,270500030049170000,कान्हेरी
5,अकोला,3,बाळापुर,270500030048770000,कारंजा रमजानपुर
5,अकोला,3,बाळापुर,270500034050300006,काळबाई
5,अकोला,3,बाळापुर,270500034050300007,कासारखेड
5,अकोला,3,बाळापुर,270500030049320000,कास्तखेड
5,अकोला,3,बाळापुर,270500030049400000,कुपटा
5,अकोला,3,बाळापुर,270500030049120000,कुंभारी
5,अकोला,3,बाळापुर,270500030049280000,कोळासा
5,अकोला,3,बाळापुर,270500030048920000,खंडाळा
5,अकोला,3,बाळापुर,270500030049020000,खरबी
5,अकोला,3,बाळापुर,270500030049430000,खामखेड
5,अकोला,3,बाळापुर,270500030049200000,खिरपुरी खुर्द
5,अकोला,3,बाळापुर,270500030049230000,खिरपुरी बु.
5,अकोला,3,बाळापुर,270500034050300003,गाजीपुर
5,अकोला,3,बाळापुर,270500030049390000,गाडेमोड
5,अकोला,3,बाळापुर,270500030049140001,गायगांव-1
5,अकोला,3,बाळापुर,270500030049140002,गायगांव-2
5,अकोला,3,बाळापुर,270500030049530000,चिंचोली गणु
5,अकोला,3,बाळापुर,270500030048620000,जानोरीमेळ
5,अकोला,3,बाळापुर,270500030049260000,जोगलखेड
5,अकोला,3,बाळापुर,270500030048950000,झुरळ खुर्द
5,अकोला,3,बाळापुर,270500030048940000,झुरळ बु
5,अकोला,3,बाळापुर,270500030049180000,टाकळी कुरेशी
5,अकोला,3,बाळापुर,270500030049030000,टाकळी खोजबोड
5,अकोला,3,बाळापुर,270500030049350000,टाकळी गाडेमोड
5,अकोला,3,बाळापुर,270500030049070001,टाकळी निमकर्दा-1
5,अकोला,3,बाळापुर,270500030049070002,टाकळी निमकर्दा-2
5,अकोला,3,बाळापुर,270500030048830000,डोंगरगांव
5,अकोला,3,बाळापुर,270500030049500000,तांदळी तर्फे तुलंगा
5,अकोला,3,बाळापुर,270500030049480000,तामशी
5,अकोला,3,बाळापुर,270500030048640000,दगडखेड
5,अकोला,3,बाळापुर,270500030049210000,दधम बु.
5,अकोला,3,बाळापुर,270500030049300000,दावलपुर
5,अकोला,3,बाळापुर,270500030049450000,देगांव
5,अकोला,3,बाळापुर,270500030049470000,धनेगांव
5,अकोला,3,बाळापुर,270500030049520000,धाडी
5,अकोला,3,बाळापुर,270500030049090000,धानोरा
5,अकोला,3,बाळापुर,270500030049550000,नकाशी
5,अकोला,3,बाळापुर,270500030048760000,नया अंदुरा
5,अकोला,3,बाळापुर,270500030048650000,नागद
5,अकोला,3,बाळापुर,270500030049190000,नांदखेड
5,अकोला,3,बाळापुर,270500030048710000,निंबा
5,अकोला,3,बाळापुर,270500030048790000,निंबी
5,अकोला,3,बाळापुर,270500030049080000,निमकर्दा
5,अकोला,3,बाळापुर,270500030049270001,पारस-1
5,अकोला,3,बाळापुर,270500030049270002,पारस-2
5,अकोला,3,बाळापुर,270500030049490000,पिंपळगांव
5,अकोला,3,बाळापुर,270500030049410000,बटवाडी खुर्द
5,अकोला,3,बाळापुर,270500030049420000,बटवाडी बु.
5,अकोला,3,बाळापुर,270500030049510000,बल्हाळी
5,अकोला,3,बाळापुर,270500030048800000,बहादुरा
5,अकोला,3,बाळापुर,270500034050300005,बाभुळखेड
5,अकोला,3,बाळापुर,270500030049220000,बारलींगा
5,अकोला,3,बाळापुर,270500030048750000,बोरगांव वैराळे
5,अकोला,3,बाळापुर,270500030049110000,बोरवाकडी
5,अकोला,3,बाळापुर,270500030049100000,बोराळा
5,अकोला,3,बाळापुर,270500030049560000,भरतपुर
5,अकोला,3,बाळापुर,270500030049330000,भिकुंडखेड
5,अकोला,3,बाळापुर,270500030048780000,भोरटेक
5,अकोला,3,बाळापुर,270500030049250000,मनारखेड
5,अकोला,3,बाळापुर,270500030049130000,मनाली
5,अकोला,3,बाळापुर,270500030048910000,मांजरी
5,अकोला,3,बाळापुर,270500030049380000,मांडवा खुर्द
5,अकोला,3,बाळापुर,270500030049370000,मांडवा बु.
5,अकोला,3,बाळापुर,270500030049310000,मांडोली
5,अकोला,3,बाळापुर,270500030049440000,मानकी
5,अकोला,3,बाळापुर,270500030048700000,मालखेड
5,अकोला,3,बाळापुर,270500030048900000,मालवाडा
5,अकोला,3,बाळापुर,270500030048630000,मोखा
5,अकोला,3,बाळापुर,270500034050300004,मोधापुर
5,अकोला,3,बाळापुर,270500030048930000,मोरगांव सादीजन
5,अकोला,3,बाळापुर,270500030048880000,मोरझाडी
5,अकोला,3,बाळापुर,270500030049150000,रिधोरा
5,अकोला,3,बाळापुर,270500030048820001,लोहारा-1
5,अकोला,3,बाळापुर,270500030048820002,लोहारा-2
5,अकोला,3,बाळापुर,270500030048820003,लोहारा-3
5,अकोला,3,बाळापुर,270500030048680000,वझेगांव
5,अकोला,3,बाळापुर,270500030049540001,वाडेगांव-1
5,अकोला,3,बाळापुर,270500030049540002,वाडेगांव-2
5,अकोला,3,बाळापुर,270500030049540003,वाडेगांव-3
5,अकोला,3,बाळापुर,270500030049160001,व्याळा-1
5,अकोला,3,बाळापुर,270500030049160002,व्याळा-2
5,अकोला,3,बाळापुर,270500030048850000,शिंगोली
5,अकोला,3,बाळापुर,270500030049340000,शेळद
5,अकोला,3,बाळापुर,270500030048660000,सागद
5,अकोला,3,बाळापुर,270500030049460000,सांगवी जोमदेव
5,अकोला,3,बाळापुर,270500030049290000,सातरगांव
5,अकोला,3,बाळापुर,270500030048960000,सावरपाटी
5,अकोला,3,बाळापुर,270500030049000000,सोनगीरी
5,अकोला,3,बाळापुर,270500030048740000,सोनाळा
5,अकोला,3,बाळापुर,270500030048610000,स्वरुपखेड
5,अकोला,3,बाळापुर,270500030049040000,हसनापुर
5,अकोला,3,बाळापुर,270500030048890000,हातरुण
5,अकोला,3,बाळापुर,270500030048720001,हाता-1
5,अकोला,3,बाळापुर,270500030048720002,हाता-2
5,अकोला,3,बाळापुर,270500030048670000,हिंगणा अडसुळ
5,अकोला,3,बाळापुर,270500030048690000,हिंगणा निंबा
5,अकोला,3,बाळापुर,270500030048600000,हिंगणाशिकारी
5,अकोला,3,बाळापुर,270500030049360000,हिंगणा शेळद
5,अकोला,3,बाळापुर,en_in,English
5,अकोला,3,बाळापुर,hi_in,Hindi
5,अकोला,3,बाळापुर,bn_in,Bengali
5,अकोला,3,बाळापुर,gj_in,Gujarati
5,अकोला,3,बाळापुर,pn_in,Punjabi
5,अकोला,3,बाळापुर,ml_in,Malayalam
5,अकोला,3,बाळापुर,tm_in,Tamil
5,अकोला,3,बाळापुर,tl_in,Telugu
5,अकोला,3,बाळापुर,kn_in,Kannada
5,अकोला,3,बाळापुर,or_in,Oriya
5,अकोला,3,बाळापुर,ur_in,Urdu
5,अकोला,3,बाळापुर,as_in,Assamese
5,अकोला,3,बाळापुर,mn_in,Manipuri(Assamese)
5,अकोला,3,बाळापुर,ni_in,Nepali
5,अकोला,3,बाळापुर,ko_in,Konkani
5,अकोला,3,बाळापुर,mi_in,Maithili(Devanagri)
5,अकोला,3,बाळापुर,di_in,Dogri
5,अकोला,3,बाळापुर,bo_in,Bodo
5,अकोला,3,बाळापुर,st_in,Santhali(Devanagri)
5,अकोला,3,बाळापुर,sd_in,Sindhi(Devanagri)
5,अकोला,3,बाळापुर,ks_in,Kashmiri(Devanagri)
5,अकोला,3,बाळापुर,ks.pa_in,Kashmiri(Perso Arabic)
5,अकोला,3,बाळापुर,sk_in,Sanskrit
5,अकोला,2,आकोट,7,बार्शीटाकळी
5,अकोला,2,आकोट,4,अकोला
5,अकोला,2,आकोट,14,यवतमाळ
5,अकोला,2,आकोट,6,पातुर
5,अकोला,2,आकोट,29,धाराशिव
5,अकोला,2,आकोट,19,छत्रपती संभाजीनगर
5,अकोला,2,आकोट,18,जालना
5,अकोला,2,आकोट,15,नांदेड
5,अकोला,2,आकोट,17,परभणी
5,अकोला,2,आकोट,27,बीड
5,अकोला,2,आकोट,28,लातूर
5,अकोला,2,आकोट,16,हिंगोली
5,अकोला,2,आकोट,21,ठाणे
5,अकोला,2,आकोट,36,पालघर
5,अकोला,2,आकोट,22,मंबई उपनगर
5,अकोला,2,आकोट,32,रत्नागिरी
5,अकोला,2,आकोट,24,रायगड
5,अकोला,2,आकोट,33,सिंधुदुर्ग
5,अकोला,2,आकोट,12,गडचिरोली
5,अकोला,2,आकोट,11,गोंदिया
5,अकोला,2,आकोट,13,चंद्रपूर
5,अकोला,2,आकोट,9,नागपूर
5,अकोला,2,आकोट,10,भंडारा
5,अकोला,2,आकोट,8,अक्षरी सर्वे नंबर
5,अकोला,2,आकोट,26,अहमदनगर
5,अकोला,2,आकोट,3,बाळापुर
5,अकोला,2,आकोट,2,धुळे
5,अकोला,2,आकोट,1,तेल्हारा
5,अकोला,2,आकोट,20,नाशिक
5,अकोला,2,आकोट,34,कोल्हापूर
5,अकोला,2,आकोट,25,पुणे
5,अकोला,2,आकोट,35,सांगली
5,अकोला,2,आकोट,31,सातारा
5,अकोला,2,आकोट,30,सोलापूर
5,अकोला,2,आकोट,5,मुर्तुज़ापुर
5,अकोला,2,आकोट,270500020047510000,अकोलखेड
5,अकोला,2,आकोट,270500020047500000,अकोली जहॉगीर
5,अकोला,2,आकोट,270500020047200000,अडगांव खु.
5,अकोला,2,आकोट,270500020047430000,अंबाडी
5,अकोला,2,आकोट,270500020047260000,अमिनापूर
5,अकोला,2,आकोट,270500020047980000,अल्यारपूर
5,अकोला,2,आकोट,270500020040502000,आकोट भाग 1
5,अकोला,2,आकोट,270500020040502001,आकोट   भाग 2
5,अकोला,2,आकोट,270500020048490000,आगासखेड
5,अकोला,2,आकोट,270500020048180000,आंध
5,अकोला,2,आकोट,270500020046970000,आंबोडा
5,अकोला,2,आकोट,270500020046930000,आलमपूर
5,अकोला,2,आकोट,270500020047990000,आलेगांव
5,अकोला,2,आकोट,270500020048120000,आलेवाडी
5,अकोला,2,आकोट,270500020047800000,आसेगांव बाजार
5,अकोला,2,आकोट,270500020048170000,इसापूर
5,अकोला,2,आकोट,270500020047080000,उमरा
5,अकोला,2,आकोट,270500020047030000,एदलापूर
5,अकोला,2,आकोट,270500020046920000,औरंगाबाद
5,अकोला,2,आकोट,270500020047710000,औरंगाबाद प्र.आकोट
5,अकोला,2,आकोट,270500020047840000,करतवाडी
5,अकोला,2,आकोट,270500020048470000,करातवाडी
5,अकोला,2,आकोट,270500020048460000,करोडी
5,अकोला,2,आकोट,270500020047820000,कवठा खु.
5,अकोला,2,आकोट,270500020047810000,कवठा बु.
5,अकोला,2,आकोट,270500020047160000,कातखेड
5,अकोला,2,आकोट,270500020047750000,कान्हेरी
5,अकोला,2,आकोट,270500020047450000,कापशी
5,अकोला,2,आकोट,270500020047850000,कालवाडी
5,अकोला,2,आकोट,270500020048210000,कावसा खु.
5,अकोला,2,आकोट,270500020048220000,कावसा बु.
5,अकोला,2,आकोट,270500020046940000,कासोद शिवपूर
5,अकोला,2,आकोट,270500020048550000,किनखेड
5,अकोला,2,आकोट,270500020048230000,कुटासा भाग 1
5,अकोला,2,आकोट,270500020048230001,कुटासा भाग 2
5,अकोला,2,आकोट,270500020048610000,कुंड
5,अकोला,2,आकोट,270500020046610000,केमलापुर
5,अकोला,2,आकोट,270500020048560000,केळीवेळी
5,अकोला,2,आकोट,270500020047860000,केसोरी
5,अकोला,2,आकोट,270500020047120000,कोलविहीर
5,अकोला,2,आकोट,270500020048600000,कोहा
5,अकोला,2,आकोट,270500020047740000,खानापुर त्र्यंबकपुर
5,अकोला,2,आकोट,270500020048420000,खानापुर बु.
5,अकोला,2,आकोट,270500020048080000,खापरवाडी खु.
5,अकोला,2,आकोट,270500020048010000,खापरवाडी बु.
5,अकोला,2,आकोट,270500020046870000,खासबाग
5,अकोला,2,आकोट,270500020047350000,खिरकुंड खु.
5,अकोला,2,आकोट,270500020047360000,खिरकुंड बु .
5,अकोला,2,आकोट,270500020047690000,खुदावंतपुर
5,अकोला,2,आकोट,270500020047870000,खेर्डा
5,अकोला,2,आकोट,270500020047040000,खैरखेड
5,अकोला,2,आकोट,270500020048240000,गरसोळी
5,अकोला,2,आकोट,270500020047300000,गाजीपुर
5,अकोला,2,आकोट,270500020048430000,गिरजापुर
5,अकोला,2,आकोट,270500020047060000,गोखि
5,अकोला,2,आकोट,270500020047490000,गौलखेड
5,अकोला,2,आकोट,270500020047150000,ग्याजुद्दीन नगर
5,अकोला,2,आकोट,270500020047580000,चंडिकापुर
5,अकोला,2,आकोट,270500020047390000,चंदनपूर तिरवारी
5,अकोला,2,आकोट,270500020047730000,चापानेर
5,अकोला,2,आकोट,270500020047570000,चिचखेड खु.
5,अकोला,2,आकोट,270500020047240000,चिंचखेड खु.
5,अकोला,2,आकोट,270500020047110000,चिचखेड बु.
5,अकोला,2,आकोट,270500020047330000,चिचपाणी
5,अकोला,2,आकोट,270500020047020000,चोरवड खु.
5,अकोला,2,आकोट,270500020047050000,चोरवड बु.
5,अकोला,2,आकोट,270500020048480000,चोहोट्टा
5,अकोला,2,आकोट,270500020048090000,जउळका
5,अकोला,2,आकोट,270500020048410000,जउळखेड खु.
5,अकोला,2,आकोट,270500020048570000,जउळखेड बु.
5,अकोला,2,आकोट,270500020047320000,जनुना खु.
5,अकोला,2,आकोट,270500020047310000,जनुना बु.
5,अकोला,2,आकोट,270500020047180000,जळगांव नहाटे
5,अकोला,2,आकोट,270500020046900000,जितापूर प्र. अडगांव
5,अकोला,2,आकोट,270500020046910000,जितापूर प्र. रुपागड
5,अकोला,2,आकोट,270500020047130000,जैनपुर पिंप्री
5,अकोला,2,आकोट,270500020047720000,जोगबन
5,अकोला,2,आकोट,270500020048360000,टाकळी खु.
5,अकोला,2,आकोट,270500020048340000,टाकळी बु.
5,अकोला,2,आकोट,270500020048580000,ठोकबर्डी
5,अकोला,2,आकोट,270500020047340000,डांगरखेड
5,अकोला,2,आकोट,270500020047650000,ढगा
5,अकोला,2,आकोट,270500020048200000,तरोडा
5,अकोला,2,आकोट,270500020047630000,ताजनापुर
5,अकोला,2,आकोट,270500020047890000,तांदुळवाडी
5,अकोला,2,आकोट,270500020048300000,दनोरी
5,अकोला,2,आकोट,270500020046860000,दहिखेल फुटकर
5,अकोला,2,आकोट,270500020047140000,दाउतपूर
5,अकोला,2,आकोट,270500020048140000,दिनोडा
5,अकोला,2,आकोट,270500020047550000,दिवठाणा
5,अकोला,2,आकोट,270500020048190000,देउळगाव
5,अकोला,2,आकोट,270500020048110000,देवरी
5,अकोला,2,आकोट,270500020048310000,देवर्डा
5,अकोला,2,आकोट,270500020047620000,देवुळगांव
5,अकोला,2,आकोट,270500020047770000,धनगरवाडी
5,अकोला,2,आकोट,270500020047600000,धामनगांव
5,अकोला,2,आकोट,270500020048380000,धामना बु.
5,अकोला,2,आकोट,270500020048450000,धारेल
5,अकोला,2,आकोट,270500020048530000,नखेगांव
5,अकोला,2,आकोट,270500020047930000,नयनापूर
5,अकोला,2,आकोट,270500020047520000,नरसिंगपुर
5,अकोला,2,आकोट,270500020048510000,नांदखेड
5,अकोला,2,आकोट,270500020048370000,निजामपुर
5,अकोला,2,आकोट,270500020047230000,नेव्होरी  खु.
5,अकोला,2,आकोट,270500020047220000,नेव्होरी बु.
5,अकोला,2,आकोट,270500020047540000,पणज
5,अकोला,2,आकोट,270500020048290000,पनोरी
5,अकोला,2,आकोट,270500020048280000,पळसोद
5,अकोला,2,आकोट,270500020048270000,पाटसुल
5,अकोला,2,आकोट,270500020048400000,पातोंडा
5,अकोला,2,आकोट,270500020048320000,पारळा
5,अकोला,2,आकोट,270500020048100000,पिप्रि डिक्कर
5,अकोला,2,आकोट,270500020047010000,पिंप्री खु.
5,अकोला,2,आकोट,270500020048520000,पिलकवाडी
5,अकोला,2,आकोट,270500020048040000,पुंडा
5,अकोला,2,आकोट,270500020046850000,पोपटखेड
5,अकोला,2,आकोट,270500020047950000,फत्तेपुर
5,अकोला,2,आकोट,270500020047280000,बंधारा
5,अकोला,2,आकोट,270500020048000000,बळेगाव
5,अकोला,2,आकोट,270500020048060000,बांबर्डा बु.
5,अकोला,2,आकोट,270500020047070000,बेलुरा
5,अकोला,2,आकोट,270500020047480000,बोचरा
5,अकोला,2,आकोट,270500020048590000,बोरी
5,अकोला,2,आकोट,270500020046990000,बोर्डी
5,अकोला,2,आकोट,270500020047410000,भिलखेड
5,अकोला,2,आकोट,270500020048540000,भोड
5,अकोला,2,आकोट,270500020047000000,मक्रमपुर
5,अकोला,2,आकोट,270500020047660000,मंचनपुर
5,अकोला,2,आकोट,270500020048130000,मरोडा
5,अकोला,2,आकोट,270500020047190000,मलकापुर प्र. अडगांव
5,अकोला,2,आकोट,270500020046830000,मलकापूर गोंड
5,अकोला,2,आकोट,270500020046840000,मलकापूर भिल
5,अकोला,2,आकोट,270500020047460000,महागांव
5,अकोला,2,आकोट,270500020048440000,महालक्ष्मी
5,अकोला,2,आकोट,270500020047400000,मानकरी
5,अकोला,2,आकोट,270500020047380000,मार्डी प्र. खटकाळी
5,अकोला,2,आकोट,270500020047370000,मार्डी प्र. चिंचोणा
5,अकोला,2,आकोट,270500020047760000,मियॉचे खेडे
5,अकोला,2,आकोट,270500020047670000,मिर्झापुर
5,अकोला,2,आकोट,270500020047920000,मुंडगांव
5,अकोला,2,आकोट,270500020048050000,मोहम्मद पुर
5,अकोला,2,आकोट,270500020047680000,मोहाळा
5,अकोला,2,आकोट,270500020047790000,रंभापुर
5,अकोला,2,आकोट,270500020048350000,राजुरवाडी
5,अकोला,2,आकोट,270500020047440000,राजुरा
5,अकोला,2,आकोट,270500020047210000,राजेगांव
5,अकोला,2,आकोट,270500020040502002,रामटेक
5,अकोला,2,आकोट,270500020046950000,रामापुर धारुर
5,अकोला,2,आकोट,270500020046880000,राहणापूर
5,अकोला,2,आकोट,270500020047470000,रुईखेड
5,अकोला,2,आकोट,270500020047290000,रुधाडी प्र. खटकाळी
5,अकोला,2,आकोट,270500020047420000,रुधाडी प्र. चिंचोणा
5,अकोला,2,आकोट,270500020048390000,रेल
5,अकोला,2,आकोट,270500020048160000,रोहनखेड
5,अकोला,2,आकोट,270500020048260000,रौंदळा
5,अकोला,2,आकोट,270500020047700000,लखमापूर
5,अकोला,2,आकोट,270500020047090000,लाडेगाव
5,अकोला,2,आकोट,270500020047960000,लामकानी
5,अकोला,2,आकोट,270500020048150000,लोतखेड
5,अकोला,2,आकोट,270500020047270000,लोहारी खु.
5,अकोला,2,आकोट,270500020047250000,लोहारी बु.
5,अकोला,2,आकोट,270500020047640000,वडगाव मेंढे
5,अकोला,2,आकोट,270500020047610000,वडाळी देशमुख
5,अकोला,2,आकोट,270500020047170000,वडाळी सटवाई
5,अकोला,2,आकोट,270500020047910000,वणी
5,अकोला,2,आकोट,270500020048070000,वरुर
5,अकोला,2,आकोट,270500020047100000,वसाळी नागापुर
5,अकोला,2,आकोट,270500020047560000,वाई
5,अकोला,2,आकोट,270500020047590000,वाघोडा
5,अकोला,2,आकोट,270500020047900000,वारुळा
5,अकोला,2,आकोट,270500020048030000,विटाळी
5,अकोला,2,आकोट,270500020046820000,शहानुर
5,अकोला,2,आकोट,270500020479700000,शहापुर
5,अकोला,2,आकोट,270500020047530000,शहापूर प्र. कारला
5,अकोला,2,आकोट,270500020046890000,शहापूर प्र. रुपागड
5,अकोला,2,आकोट,270500020046960000,सर्फाबाद
5,अकोला,2,आकोट,270500020048500000,सालखेड
5,अकोला,2,आकोट,270500020047830000,सावरखेड
5,अकोला,2,आकोट,270500020048020000,सावरगांव
5,अकोला,2,आकोट,270500020047780000,सावरा
5,अकोला,2,आकोट,270500020046980000,सुकळी
5,अकोला,2,आकोट,270500020047940000,सुलतानपूर
5,अकोला,2,आकोट,270500020047880000,सोनबर्डी
5,अकोला,2,आकोट,270500020048330000,हनवाडी
5,अकोला,2,आकोट,270500020048250000,हिलालाबाद
5,अकोला,2,आकोट,en_in,English
5,अकोला,2,आकोट,hi_in,Hindi
5,अकोला,2,आकोट,bn_in,Bengali
5,अकोला,2,आकोट,gj_in,Gujarati
5,अकोला,2,आकोट,pn_in,Punjabi
5,अकोला,2,आकोट,ml_in,Malayalam
5,अकोला,2,आकोट,tm_in,Tamil
5,अकोला,2,आकोट,tl_in,Telugu
5,अकोला,2,आकोट,kn_in,Kannada
5,अकोला,2,आकोट,or_in,Oriya
5,अकोला,2,आकोट,ur_in,Urdu
5,अकोला,2,आकोट,as_in,Assamese
5,अकोला,2,आकोट,mn_in,Manipuri(Assamese)
5,अकोला,2,आकोट,ni_in,Nepali
5,अकोला,2,आकोट,ko_in,Konkani
5,अकोला,2,आकोट,mi_in,Maithili(Devanagri)
5,अकोला,2,आकोट,di_in,Dogri
5,अकोला,2,आकोट,bo_in,Bodo
5,अकोला,2,आकोट,st_in,Santhali(Devanagri)
5,अकोला,2,आकोट,sd_in,Sindhi(Devanagri)
5,अकोला,2,आकोट,ks_in,Kashmiri(Devanagri)
5,अकोला,2,आकोट,ks.pa_in,Kashmiri(Perso Arabic)
5,अकोला,2,आकोट,sk_in,Sanskrit
5,अकोला,1,तेल्हारा,7,बार्शीटाकळी
5,अकोला,1,तेल्हारा,4,अकोला
5,अकोला,1,तेल्हारा,14,यवतमाळ
5,अकोला,1,तेल्हारा,6,पातुर
5,अकोला,1,तेल्हारा,29,धाराशिव
5,अकोला,1,तेल्हारा,19,छत्रपती संभाजीनगर
5,अकोला,1,तेल्हारा,18,जालना
5,अकोला,1,तेल्हारा,15,नांदेड
5,अकोला,1,तेल्हारा,17,परभणी
5,अकोला,1,तेल्हारा,27,बीड
5,अकोला,1,तेल्हारा,28,लातूर
5,अकोला,1,तेल्हारा,16,हिंगोली
5,अकोला,1,तेल्हारा,21,ठाणे
5,अकोला,1,तेल्हारा,36,पालघर
5,अकोला,1,तेल्हारा,22,मंबई उपनगर
5,अकोला,1,तेल्हारा,32,रत्नागिरी
5,अकोला,1,तेल्हारा,24,रायगड
5,अकोला,1,तेल्हारा,33,सिंधुदुर्ग
5,अकोला,1,तेल्हारा,12,गडचिरोली
5,अकोला,1,तेल्हारा,11,गोंदिया
5,अकोला,1,तेल्हारा,13,चंद्रपूर
5,अकोला,1,तेल्हारा,9,नागपूर
5,अकोला,1,तेल्हारा,10,भंडारा
5,अकोला,1,तेल्हारा,8,अक्षरी सर्वे नंबर
5,अकोला,1,तेल्हारा,26,अहमदनगर
5,अकोला,1,तेल्हारा,3,बाळापुर
5,अकोला,1,तेल्हारा,2,आकोट
5,अकोला,1,तेल्हारा,1,नंदुरबार
5,अकोला,1,तेल्हारा,20,नाशिक
5,अकोला,1,तेल्हारा,34,कोल्हापूर
5,अकोला,1,तेल्हारा,25,पुणे
5,अकोला,1,तेल्हारा,35,सांगली
5,अकोला,1,तेल्हारा,31,सातारा
5,अकोला,1,तेल्हारा,30,सोलापूर
5,अकोला,1,तेल्हारा,5,मुर्तुज़ापुर
5,अकोला,1,तेल्हारा,270500010046290000,अटकळी
5,अकोला,1,तेल्हारा,270500010046170000,अडगांव बु.
5,अकोला,1,तेल्हारा,270500010046220000,आकोलीरूपराव
5,अकोला,1,तेल्हारा,270500010046730000,आडसुळ
5,अकोला,1,तेल्हारा,270500010046500000,इसापुर
5,अकोला,1,तेल्हारा,270500010046620000,उबारखेड
5,अकोला,1,तेल्हारा,270500010045840000,उमरशेवडी
5,अकोला,1,तेल्हारा,270500010046780000,उमरी
5,अकोला,1,तेल्हारा,270500010046530000,ऊकळीबाजार
5,अकोला,1,तेल्हारा,270500010046080000,कऱ्ही प्र. अडगांव
5,अकोला,1,तेल्हारा,270500010046090000,कऱ्ही रुपागड
5,अकोला,1,तेल्हारा,270500010045970000,कळमखेड
5,अकोला,1,तेल्हारा,270500010045900000,कार्ला  बु.
5,अकोला,1,तेल्हारा,270500010046230000,काळेगांव
5,अकोला,1,तेल्हारा,270500010046330000,कोठा
5,अकोला,1,तेल्हारा,270500010046110000,खंडाळा
5,अकोला,1,तेल्हारा,270500010046770000,खाकटा
5,अकोला,1,तेल्हारा,270500010046460000,खापरखेड
5,अकोला,1,तेल्हारा,270500010046600000,खेलकृष्णाजी
5,अकोला,1,तेल्हारा,270500010046630000,खेलदेशपांडे
5,अकोला,1,तेल्हारा,270500010046610000,खेलमुकरदम
5,अकोला,1,तेल्हारा,270500010046750000,खेलसटवाजी
5,अकोला,1,तेल्हारा,270500010046420000,गाडेगांव
5,अकोला,1,तेल्हारा,270500010045990000,गोर्धा
5,अकोला,1,तेल्हारा,270500010046360000,घोडेगांव
5,अकोला,1,तेल्हारा,270500010046040000,चंदनपुर
5,अकोला,1,तेल्हारा,270500010046310000,चांगलवाडी
5,अकोला,1,तेल्हारा,270500010046270000,चापानेर
5,अकोला,1,तेल्हारा,270500010045870000,चिचारी
5,अकोला,1,तेल्हारा,270500010046120000,चितलवाडी
5,अकोला,1,तेल्हारा,270500010046070000,चिपी
5,अकोला,1,तेल्हारा,270500010046440000,जस्तगांव
5,अकोला,1,तेल्हारा,270500010046520000,जाफ्रापूर
5,अकोला,1,तेल्हारा,270500010045850000,झरीबाजार
5,अकोला,1,तेल्हारा,270500010046280000,टाकळी
5,अकोला,1,तेल्हारा,270500010046720000,डवला
5,अकोला,1,तेल्हारा,270500010045960000,तळेगांव खु.
5,अकोला,1,तेल्हारा,270500010046700000,तळेगांवपातुर्डा
5,अकोला,1,तेल्हारा,270500010046710000,तळेगांव प्र.वडनेर
5,अकोला,1,तेल्हारा,270500010045980000,तळेगांव बु.
5,अकोला,1,तेल्हारा,270500010046480000,तुदगांव
5,अकोला,1,तेल्हारा,270500014050100020,तेल्हारा खु.
5,अकोला,1,तेल्हारा,270500014050100000,तेल्हारा बु.
5,अकोला,1,तेल्हारा,270500010046470000,थार
5,अकोला,1,तेल्हारा,270500010046570000,दहीगांव
5,अकोला,1,तेल्हारा,270500010046020000,दानापुर
5,अकोला,1,तेल्हारा,270500010046590000,दापुरा
5,अकोला,1,तेल्हारा,270500010045860000,दिवाणझरी
5,अकोला,1,तेल्हारा,270500010046060000,धोंडाआखर
5,अकोला,1,तेल्हारा,270500010046760000,नरसीपूर
5,अकोला,1,तेल्हारा,270500010046300000,निंबोळी
5,अकोला,1,तेल्हारा,270500010046550000,निभोरा खु.
5,अकोला,1,तेल्हारा,270500010046660000,निभोरा बु.
5,अकोला,1,तेल्हारा,270500014050100030,नुराबाद
5,अकोला,1,तेल्हारा,270500010046790000,नेर
5,अकोला,1,तेल्हारा,270500010045950000,परशरामपुर
5,अकोला,1,तेल्हारा,270500010046260001,पाथर्डी 2
5,अकोला,1,तेल्हारा,270500010046260000,पाथर्डी भाग 1
5,अकोला,1,तेल्हारा,270500010045820000,पिंपरखेड
5,अकोला,1,तेल्हारा,270500010046800000,पिवंदळ खु.
5,अकोला,1,तेल्हारा,270500010046670000,पिवंदळ बु.
5,अकोला,1,तेल्हारा,270500010045910000,बादखेड
5,अकोला,1,तेल्हारा,270500010046740000,बांबर्डा खु.
5,अकोला,1,तेल्हारा,270500010046680000,बाभुळगांव
5,अकोला,1,तेल्हारा,270500010046340000,बेलखेड
5,अकोला,1,तेल्हारा,270500010046100000,बोरव्हा
5,अकोला,1,तेल्हारा,270500010046450000,भांबेरी
5,अकोला,1,तेल्हारा,270500010046050000,भिली
5,अकोला,1,तेल्हारा,270500010046250000,भोकर
5,अकोला,1,तेल्हारा,270500010046580000,मनब्दा
5,अकोला,1,तेल्हारा,270500010046640000,मनात्री खु.
5,अकोला,1,तेल्हारा,270500010046650000,मनात्री बु.
5,अकोला,1,तेल्हारा,270500014050100010,ममदाबाद
5,अकोला,1,तेल्हारा,270500010046150000,मालठाणा खु.
5,अकोला,1,तेल्हारा,270500010046160000,मालठाणा  बु.
5,अकोला,1,तेल्हारा,270500010046210000,मालपुरा
5,अकोला,1,तेल्हारा,270500010046190000,मालेगांव
5,अकोला,1,तेल्हारा,270500010046380000,माळेगाव बाजार
5,अकोला,1,तेल्हारा,270500010046140000,मेहखेड
5,अकोला,1,तेल्हारा,270500010045830000,मोयपाणी
5,अकोला,1,तेल्हारा,270500010045880000,मोराडी
5,अकोला,1,तेल्हारा,270500010046430000,राणेगांव
5,अकोला,1,तेल्हारा,270500010046320000,रायखेड
5,अकोला,1,तेल्हारा,270500010046560000,वडगांवरोठे
5,अकोला,1,तेल्हारा,270500010046350000,वरुड बु.
5,अकोला,1,तेल्हारा,270500010046540000,वरुडवडनेर
5,अकोला,1,तेल्हारा,270500010046200000,वरूड खु.
5,अकोला,1,तेल्हारा,270500010046490000,वाकोडी
5,अकोला,1,तेल्हारा,270500010046690000,वागरगांव
5,अकोला,1,तेल्हारा,270500010046510000,वाडीअदमपुर
5,अकोला,1,तेल्हारा,270500010045920000,वारखेड
5,अकोला,1,तेल्हारा,270500010045810000,वारीभैरवगड
5,अकोला,1,तेल्हारा,270500010046180000,शिवाजीनगर
5,अकोला,1,तेल्हारा,270500010046390000,शेरी खु.
5,अकोला,1,तेल्हारा,270500010046400000,शेरी प्र.वडनेर
5,अकोला,1,तेल्हारा,270500010046370000,शेरी बु.
5,अकोला,1,तेल्हारा,270500010046130000,सदरपुर
5,अकोला,1,तेल्हारा,270500010046810000,सांगवी
5,अकोला,1,तेल्हारा,270500014050100040,सात्काबाद
5,अकोला,1,तेल्हारा,270500010046240000,सिरसोली
5,अकोला,1,तेल्हारा,270500010046410000,सोनकेळ
5,अकोला,1,तेल्हारा,270500010045940000,सोनवाडी
5,अकोला,1,तेल्हारा,270500010045930000,सौंदळा
5,अकोला,1,तेल्हारा,270500010046030000,हयातपुर
5,अकोला,1,तेल्हारा,270500010046010000,हिंगणी खु.
5,अकोला,1,तेल्हारा,270500010046000000,हिंगणी बु.
5,अकोला,1,तेल्हारा,270500010045890000,हिवरखेड भाग 1
5,अकोला,1,तेल्हारा,270500010045890001,हिवरखेड भाग 2
5,अकोला,1,तेल्हारा,en_in,English
5,अकोला,1,तेल्हारा,hi_in,Hindi
5,अकोला,1,तेल्हारा,bn_in,Bengali
5,अकोला,1,तेल्हारा,gj_in,Gujarati
5,अकोला,1,तेल्हारा,pn_in,Punjabi
5,अकोला,1,तेल्हारा,ml_in,Malayalam
5,अकोला,1,तेल्हारा,tm_in,Tamil
5,अकोला,1,तेल्हारा,tl_in,Telugu
5,अकोला,1,तेल्हारा,kn_in,Kannada
5,अकोला,1,तेल्हारा,or_in,Oriya
5,अकोला,1,तेल्हारा,ur_in,Urdu
5,अकोला,1,तेल्हारा,as_in,Assamese
5,अकोला,1,तेल्हारा,mn_in,Manipuri(Assamese)
5,अकोला,1,तेल्हारा,ni_in,Nepali
5,अकोला,1,तेल्हारा,ko_in,Konkani
5,अकोला,1,तेल्हारा,mi_in,Maithili(Devanagri)
5,अकोला,1,तेल्हारा,di_in,Dogri
5,अकोला,1,तेल्हारा,bo_in,Bodo
5,अकोला,1,तेल्हारा,st_in,Santhali(Devanagri)
5,अकोला,1,तेल्हारा,sd_in,Sindhi(Devanagri)
5,अकोला,1,तेल्हारा,ks_in,Kashmiri(Devanagri)
5,अकोला,1,तेल्हारा,ks.pa_in,Kashmiri(Perso Arabic)
5,अकोला,1,तेल्हारा,sk_in,Sanskrit
5,अकोला,5,मुर्तुज़ापुर,7,बार्शीटाकळी
5,अकोला,5,मुर्तुज़ापुर,4,अकोला
5,अकोला,5,मुर्तुज़ापुर,14,यवतमाळ
5,अकोला,5,मुर्तुज़ापुर,6,पातुर
5,अकोला,5,मुर्तुज़ापुर,29,धाराशिव
5,अकोला,5,मुर्तुज़ापुर,19,छत्रपती संभाजीनगर
5,अकोला,5,मुर्तुज़ापुर,18,जालना
5,अकोला,5,मुर्तुज़ापुर,15,नांदेड
5,अकोला,5,मुर्तुज़ापुर,17,परभणी
5,अकोला,5,मुर्तुज़ापुर,27,बीड
5,अकोला,5,मुर्तुज़ापुर,28,लातूर
5,अकोला,5,मुर्तुज़ापुर,16,हिंगोली
5,अकोला,5,मुर्तुज़ापुर,21,ठाणे
5,अकोला,5,मुर्तुज़ापुर,36,पालघर
5,अकोला,5,मुर्तुज़ापुर,22,मंबई उपनगर
5,अकोला,5,मुर्तुज़ापुर,32,रत्नागिरी
5,अकोला,5,मुर्तुज़ापुर,24,रायगड
5,अकोला,5,मुर्तुज़ापुर,33,सिंधुदुर्ग
5,अकोला,5,मुर्तुज़ापुर,12,गडचिरोली
5,अकोला,5,मुर्तुज़ापुर,11,गोंदिया
5,अकोला,5,मुर्तुज़ापुर,13,चंद्रपूर
5,अकोला,5,मुर्तुज़ापुर,9,नागपूर
5,अकोला,5,मुर्तुज़ापुर,10,भंडारा
5,अकोला,5,मुर्तुज़ापुर,8,अक्षरी सर्वे नंबर
5,अकोला,5,मुर्तुज़ापुर,26,अहमदनगर
5,अकोला,5,मुर्तुज़ापुर,3,बाळापुर
5,अकोला,5,मुर्तुज़ापुर,2,आकोट
5,अकोला,5,मुर्तुज़ापुर,1,तेल्हारा
5,अकोला,5,मुर्तुज़ापुर,20,नाशिक
5,अकोला,5,मुर्तुज़ापुर,34,कोल्हापूर
5,अकोला,5,मुर्तुज़ापुर,25,पुणे
5,अकोला,5,मुर्तुज़ापुर,35,सांगली
5,अकोला,5,मुर्तुज़ापुर,31,सातारा
5,अकोला,5,मुर्तुज़ापुर,30,सोलापूर
5,अकोला,5,मुर्तुज़ापुर,270500050052700000,अकोली जहांगीर
5,अकोला,5,मुर्तुज़ापुर,270500050051780000,अटकळी
5,अकोला,5,मुर्तुज़ापुर,270500050052050000,अनभोरा
5,अकोला,5,मुर्तुज़ापुर,270500050052500000,अलादतपूर
5,अकोला,5,मुर्तुज़ापुर,270500050052410000,अल्लापूर
5,अकोला,5,मुर्तुज़ापुर,270500050051900000,आमतवाडा
5,अकोला,5,मुर्तुज़ापुर,270500050052830000,आरखेड
5,अकोला,5,मुर्तुज़ापुर,270500050052400000,ईसफपुर
5,अकोला,5,मुर्तुज़ापुर,270500050052480000,उनखेड
5,अकोला,5,मुर्तुज़ापुर,270500050051770000,उमई
5,अकोला,5,मुर्तुज़ापुर,270500050052900000,उमरी
5,अकोला,5,मुर्तुज़ापुर,270500050052510000,औरंगपूर
5,अकोला,5,मुर्तुज़ापुर,270500050052810000,कंझरा
5,अकोला,5,मुर्तुज़ापुर,270500050053010000,कमळखेड
5,अकोला,5,मुर्तुज़ापुर,270500050053020000,कमळणी
5,अकोला,5,मुर्तुज़ापुर,270500050052120000,कवठा खोलापूर
5,अकोला,5,मुर्तुज़ापुर,270500050052650000,कवठा सोपीनाथ
5,अकोला,5,मुर्तुज़ापुर,270500050052990000,कव्हळा
5,अकोला,5,मुर्तुज़ापुर,270500050051940000,कादवी
5,अकोला,5,मुर्तुज़ापुर,270500050053000000,कानडी
5,अकोला,5,मुर्तुज़ापुर,270500050052940000,कामठा
5,अकोला,5,मुर्तुज़ापुर,270500050052730000,कारली
5,अकोला,5,मुर्तुज़ापुर,270500050051960000,कासवी
5,अकोला,5,मुर्तुज़ापुर,270500050052470000,कासारखेड
5,अकोला,5,मुर्तुज़ापुर,270500050053040000,किनखेड
5,अकोला,5,मुर्तुज़ापुर,270500050052780000,किन्ही
5,अकोला,5,मुर्तुज़ापुर,270500050052580001,कुरुम-1
5,अकोला,5,मुर्तुज़ापुर,270500050052580002,कुरुम-2
5,अकोला,5,मुर्तुज़ापुर,270500050052140000,कोळसरा
5,अकोला,5,मुर्तुज़ापुर,270500050051840000,खरबडी
5,अकोला,5,मुर्तुज़ापुर,270500050051870000,खरब ढोरे
5,अकोला,5,मुर्तुज़ापुर,270500050051850000,खरब नवले
5,अकोला,5,मुर्तुज़ापुर,270500050053090000,खांदला
5,अकोला,5,मुर्तुज़ापुर,270500050051630000,खापरवाडा
5,अकोला,5,मुर्तुज़ापुर,270500050051680000,खुदावंतपूर
5,अकोला,5,मुर्तुज़ापुर,270500050052550000,खोडद
5,अकोला,5,मुर्तुज़ापुर,270500050052690000,गणेशपुर
5,अकोला,5,मुर्तुज़ापुर,270500050051910000,गाजीपुर
5,अकोला,5,मुर्तुज़ापुर,270500050052280000,गिरधरपुर
5,अकोला,5,मुर्तुज़ापुर,270500050052150000,गुंजवाडा
5,अकोला,5,मुर्तुज़ापुर,270500050053130000,गोपालपुंर
5,अकोला,5,मुर्तुज़ापुर,270500050051930000,गोरेगांव
5,अकोला,5,मुर्तुज़ापुर,270500050052910000,गौलखेड
5,अकोला,5,मुर्तुज़ापुर,270500050052490000,गौलखेडी
5,अकोला,5,मुर्तुज़ापुर,270500050051540000,घुंगशी
5,अकोला,5,मुर्तुज़ापुर,270500050051950000,चिखली
5,अकोला,5,मुर्तुज़ापुर,270500050052250000,चिंचखेड
5,अकोला,5,मुर्तुज़ापुर,270500050051750000,जांभा खु.
5,अकोला,5,मुर्तुज़ापुर,270500050051730000,जांभा बु.
5,अकोला,5,मुर्तुज़ापुर,270500050052840000,जामठी खु. (आरखेड)
5,अकोला,5,मुर्तुज़ापुर,270500050052630000,जामठी खू. (वडगाव)
5,अकोला,5,मुर्तुज़ापुर,270500050052660000,जामठी बु.
5,अकोला,5,मुर्तुज़ापुर,270500050052390000,जितापूर
5,अकोला,5,मुर्तुज़ापुर,270500050051790000,जितापूर नाकट
5,अकोला,5,मुर्तुज़ापुर,270500050052590000,जेठापूर
5,अकोला,5,मुर्तुज़ापुर,270500050051920000,टाकळी गाजीपूर
5,अकोला,5,मुर्तुज़ापुर,270500050052350000,टिपटाळा
5,अकोला,5,मुर्तुज़ापुर,270500050051650000,ताकवाडा
5,अकोला,5,मुर्तुज़ापुर,270500050052920000,तुरखेड
5,अकोला,5,मुर्तुज़ापुर,270500050051710000,दताळा
5,अकोला,5,मुर्तुज़ापुर,270500050052850000,दहातोंडा
5,अकोला,5,मुर्तुज़ापुर,270500050051590000,दातवी
5,अकोला,5,मुर्तुज़ापुर,270500050051640000,दापूरा
5,अकोला,5,मुर्तुज़ापुर,270500050051610000,दुर्गवाडा
5,अकोला,5,मुर्तुज़ापुर,270500050051860000,देवरण
5,अकोला,5,मुर्तुज़ापुर,270500050052880000,धानोरा खु.
5,अकोला,5,मुर्तुज़ापुर,270500050053100000,धानोरा पाटेकर
5,अकोला,5,मुर्तुज़ापुर,270500050052870000,धानोरा बु.
5,अकोला,5,मुर्तुज़ापुर,270500050052080000,धानोरा वैद्य
5,अकोला,5,मुर्तुज़ापुर,270500050052710000,धामोरी खु.
5,अकोला,5,मुर्तुज़ापुर,270500050052720000,धामोरी बु.
5,अकोला,5,मुर्तुज़ापुर,270500050052970000,धोत्रा शिंदे
5,अकोला,5,मुर्तुज़ापुर,270500050052240000,नवसाळ
5,अकोला,5,मुर्तुज़ापुर,270500050052460000,नागठाणा
5,अकोला,5,मुर्तुज़ापुर,270500050052450000,नागोली
5,अकोला,5,मुर्तुज़ापुर,270500050053030000,निंभा
5,अकोला,5,मुर्तुज़ापुर,270500050052010000,पळसोडा
5,अकोला,5,मुर्तुज़ापुर,270500050051560000,पारद
5,अकोला,5,मुर्तुज़ापुर,270500050052100000,पिंगळा
5,अकोला,5,मुर्तुज़ापुर,270500050053070000,पिंपळशेंडा
5,अकोला,5,मुर्तुज़ापुर,270500050052220000,पिवशी
5,अकोला,5,मुर्तुज़ापुर,270500050052210000,पोता
5,अकोला,5,मुर्तुज़ापुर,270500050052200000,पोही
5,अकोला,5,मुर्तुज़ापुर,270500050052800000,फणी
5,अकोला,5,मुर्तुज़ापुर,270500050052520000,बपोरी
5,अकोला,5,मुर्तुज़ापुर,270500050052180000,बल्लारखेड
5,अकोला,5,मुर्तुज़ापुर,270500050052260000,बहादरपुर
5,अकोला,5,मुर्तुज़ापुर,270500050052950000,बाळापूर
5,अकोला,5,मुर्तुज़ापुर,270500050053050000,बिडगांव
5,अकोला,5,मुर्तुज़ापुर,270500050052770000,बोरगाव
5,अकोला,5,मुर्तुज़ापुर,270500050052160000,बोर्टा
5,अकोला,5,मुर्तुज़ापुर,270500050052360000,ब्रम्ही खु.
5,अकोला,5,मुर्तुज़ापुर,270500050052370000,ब्रम्ही (बाई)
5,अकोला,5,मुर्तुज़ापुर,270500050052330000,ब्रम्ही बु.
5,अकोला,5,मुर्तुज़ापुर,270500050052070000,भगोरा
5,अकोला,5,मुर्तुज़ापुर,270500050051570000,भटोरी
5,अकोला,5,मुर्तुज़ापुर,270500050051690000,मंगरुळ कांबे
5,अकोला,5,मुर्तुज़ापुर,270500050052540000,मंदुरा
5,अकोला,5,मुर्तुज़ापुर,270500050052560000,मधापूरी
5,अकोला,5,मुर्तुज़ापुर,270500050052430000,मलकापूर
5,अकोला,5,मुर्तुज़ापुर,270500050052620000,माटोडा (वडगाव)
5,अकोला,5,मुर्तुज़ापुर,270500050051830000,माटोडा (हेंडज)
5,अकोला,5,मुर्तुज़ापुर,270500050052290000,माना
5,अकोला,5,मुर्तुज़ापुर,270500050053120000,मिरापुर
5,अकोला,5,मुर्तुज़ापुर,270500050051520000,मुंगशी
5,अकोला,5,मुर्तुज़ापुर,270500050052860000,मुरंबा
5,अकोला,5,मुर्तुज़ापुर,270500054050800000,मुर्तिजापूर
5,अकोला,5,मुर्तुज़ापुर,270500050053060000,मोझर
5,अकोला,5,मुर्तुज़ापुर,270500050052960000,मोहखेड
5,अकोला,5,मुर्तुज़ापुर,270500050052380000,मोहबतपूर
5,अकोला,5,मुर्तुज़ापुर,270500050051740000,यशवंतपूर
5,अकोला,5,मुर्तुज़ापुर,270500050052090000,येंडली
5,अकोला,5,मुर्तुज़ापुर,270500050052440000,रंभापूर
5,अकोला,5,मुर्तुज़ापुर,270500050052420000,रसुलपूर (जामठी बु)
5,अकोला,5,मुर्तुज़ापुर,270500050051670000,रसुलपूर (रेपाडखेड)
5,अकोला,5,मुर्तुज़ापुर,270500050052640000,राजनापूर खिनखिनी
5,अकोला,5,मुर्तुज़ापुर,270500050053080000,राजूरा घाटे
5,अकोला,5,मुर्तुज़ापुर,270500050052670000,राजूरा सरोदे
5,अकोला,5,मुर्तुज़ापुर,270500050052030000,रामखेड
5,अकोला,5,मुर्तुज़ापुर,270500050052230000,रामटेक
5,अकोला,5,मुर्तुज़ापुर,270500050051760000,रेपाडखेड
5,अकोला,5,मुर्तुज़ापुर,270500050052170000,रोहणा
5,अकोला,5,मुर्तुज़ापुर,270500050052300000,लंघापुर
5,अकोला,5,मुर्तुज़ापुर,270500050052930000,लसनापूर
5,अकोला,5,मुर्तुज़ापुर,270500050051580000,लाईत
5,अकोला,5,मुर्तुज़ापुर,270500050051600000,लाखपूरी
5,अकोला,5,मुर्तुज़ापुर,270500050052130000,लोणसना
5,अकोला,5,मुर्तुज़ापुर,270500050052820000,लोधीपूर
5,अकोला,5,मुर्तुज़ापुर,270500050052610000,वडगांव कुरुम
5,अकोला,5,मुर्तुज़ापुर,270500050051720000,वहीतपूर
5,अकोला,5,मुर्तुज़ापुर,270500050052760000,वाई माना
5,अकोला,5,मुर्तुज़ापुर,270500050052340000,वाघजाळी
5,अकोला,5,मुर्तुज़ापुर,270500050051510000,विरवाडा
5,अकोला,5,मुर्तुज़ापुर,270500050053110000,विराहीत
5,अकोला,5,मुर्तुज़ापुर,270500050052320000,शिरताळा
5,अकोला,5,मुर्तुज़ापुर,270500050052890000,शिवण खु.
5,अकोला,5,मुर्तुज़ापुर,270500050052790000,शेणी
5,अकोला,5,मुर्तुज़ापुर,270500050052980000,शेंद
5,अकोला,5,मुर्तुज़ापुर,270500050052040000,शेरवाडी
5,अकोला,5,मुर्तुज़ापुर,270500050052110000,शेलु बाजार
5,अकोला,5,मुर्तुज़ापुर,270500050051980000,शेलु वेताळ
5,अकोला,5,मुर्तुज़ापुर,270500050051700000,शेलू नजीक
5,अकोला,5,मुर्तुज़ापुर,270500050051890000,समशेरपूर
5,अकोला,5,मुर्तुज़ापुर,270500050052310000,सहादतपूर
5,अकोला,5,मुर्तुज़ापुर,270500050051660000,साखरी
5,अकोला,5,मुर्तुज़ापुर,270500050051550000,सांगवा
5,अकोला,5,मुर्तुज़ापुर,270500050051620000,सांगवी
5,अकोला,5,मुर्तुज़ापुर,270500050052060000,सांजापूर (गोरेगाव)
5,अकोला,5,मुर्तुज़ापुर,270500050051810000,सांजापूर (हिरपूर)
5,अकोला,5,मुर्तुज़ापुर,270500050051880000,सालतवाडा
5,अकोला,5,मुर्तुज़ापुर,270500050052270000,सिकंदरपुर
5,अकोला,5,मुर्तुज़ापुर,270500050051800001,सिरसो-1
5,अकोला,5,मुर्तुज़ापुर,270500050051800002,सिरसो-2
5,अकोला,5,मुर्तुज़ापुर,270500050052740000,सुलतानपूर (कारली)
5,अकोला,5,मुर्तुज़ापुर,270500050052570000,सूलतानपूर (माना)
5,अकोला,5,मुर्तुज़ापुर,270500050052680000,सैदापुर
5,अकोला,5,मुर्तुज़ापुर,270500050052020000,सोनाळा
5,अकोला,5,मुर्तुज़ापुर,270500050051970000,सोनोरी
5,अकोला,5,मुर्तुज़ापुर,270500050052530000,सोनोरी (बपोरी )
5,अकोला,5,मुर्तुज़ापुर,270500050052750000,हमीदपुर
5,अकोला,5,मुर्तुज़ापुर,270500050052600000,हयातपूर
5,अकोला,5,मुर्तुज़ापुर,270500050051530000,हसनापूर
5,अकोला,5,मुर्तुज़ापुर,270500050051990000,हातगांव
5,अकोला,5,मुर्तुज़ापुर,270500050051820000,हिरपूर
5,अकोला,5,मुर्तुज़ापुर,270500050052190000,हिवरा कोरडे
5,अकोला,5,मुर्तुज़ापुर,270500050052000000,हेंडज
5,अकोला,5,मुर्तुज़ापुर,en_in,English
5,अकोला,5,मुर्तुज़ापुर,hi_in,Hindi
5,अकोला,5,मुर्तुज़ापुर,bn_in,Bengali
5,अकोला,5,मुर्तुज़ापुर,gj_in,Gujarati
5,अकोला,5,मुर्तुज़ापुर,pn_in,Punjabi
5,अकोला,5,मुर्तुज़ापुर,ml_in,Malayalam
5,अकोला,5,मुर्तुज़ापुर,tm_in,Tamil
5,अकोला,5,मुर्तुज़ापुर,tl_in,Telugu
5,अकोला,5,मुर्तुज़ापुर,kn_in,Kannada
5,अकोला,5,मुर्तुज़ापुर,or_in,Oriya
5,अकोला,5,मुर्तुज़ापुर,ur_in,Urdu
5,अकोला,5,मुर्तुज़ापुर,as_in,Assamese
5,अकोला,5,मुर्तुज़ापुर,mn_in,Manipuri(Assamese)
5,अकोला,5,मुर्तुज़ापुर,ni_in,Nepali
5,अकोला,5,मुर्तुज़ापुर,ko_in,Konkani
5,अकोला,5,मुर्तुज़ापुर,mi_in,Maithili(Devanagri)
5,अकोला,5,मुर्तुज़ापुर,di_in,Dogri
5,अकोला,5,मुर्तुज़ापुर,bo_in,Bodo
5,अकोला,5,मुर्तुज़ापुर,st_in,Santhali(Devanagri)
5,अकोला,5,मुर्तुज़ापुर,sd_in,Sindhi(Devanagri)
5,अकोला,5,मुर्तुज़ापुर,ks_in,Kashmiri(Devanagri)
5,अकोला,5,मुर्तुज़ापुर,ks.pa_in,Kashmiri(Perso Arabic)
5,अकोला,5,मुर्तुज़ापुर,sk_in,Sanskrit
7,अमरावती,5,चांदुर बाजार,5,चांदुर बाजार
7,अमरावती,5,चांदुर बाजार,4,अचलपुर
7,अमरावती,5,चांदुर बाजार,14,धामणगाव
7,अमरावती,5,चांदुर बाजार,6,मोर्शी
7,अमरावती,5,चांदुर बाजार,29,धाराशिव
7,अमरावती,5,चांदुर बाजार,19,छत्रपती संभाजीनगर
7,अमरावती,5,चांदुर बाजार,18,जालना
7,अमरावती,5,चांदुर बाजार,15,नांदेड
7,अमरावती,5,चांदुर बाजार,17,परभणी
7,अमरावती,5,चांदुर बाजार,27,बीड
7,अमरावती,5,चांदुर बाजार,28,लातूर
7,अमरावती,5,चांदुर बाजार,16,हिंगोली
7,अमरावती,5,चांदुर बाजार,21,ठाणे
7,अमरावती,5,चांदुर बाजार,36,पालघर
7,अमरावती,5,चांदुर बाजार,22,मंबई उपनगर
7,अमरावती,5,चांदुर बाजार,32,रत्नागिरी
7,अमरावती,5,चांदुर बाजार,24,रायगड
7,अमरावती,5,चांदुर बाजार,33,सिंधुदुर्ग
7,अमरावती,5,चांदुर बाजार,12,नांदगाव
7,अमरावती,5,चांदुर बाजार,11,दर्यापुर
7,अमरावती,5,चांदुर बाजार,13,चांदुर रेल्वे
7,अमरावती,5,चांदुर बाजार,9,अमरावती
7,अमरावती,5,चांदुर बाजार,10,भातकुली
7,अमरावती,5,चांदुर बाजार,8,तिवसा
7,अमरावती,5,चांदुर बाजार,26,अहमदनगर
7,अमरावती,5,चांदुर बाजार,3,अंजनगाव
7,अमरावती,5,चांदुर बाजार,2,सर्वे नंबर
7,अमरावती,5,चांदुर बाजार,1,धारणी
7,अमरावती,5,चांदुर बाजार,20,नाशिक
7,अमरावती,5,चांदुर बाजार,34,कोल्हापूर
7,अमरावती,5,चांदुर बाजार,25,पुणे
7,अमरावती,5,चांदुर बाजार,35,सांगली
7,अमरावती,5,चांदुर बाजार,31,सातारा
7,अमरावती,5,चांदुर बाजार,30,सोलापूर
7,अमरावती,5,चांदुर बाजार,7,वरुड
7,अमरावती,5,चांदुर बाजार,en_in,English
7,अमरावती,5,चांदुर बाजार,hi_in,Hindi
7,अमरावती,5,चांदुर बाजार,bn_in,Bengali
7,अमरावती,5,चांदुर बाजार,gj_in,Gujarati
7,अमरावती,5,चांदुर बाजार,pn_in,Punjabi
7,अमरावती,5,चांदुर बाजार,ml_in,Malayalam
7,अमरावती,5,चांदुर बाजार,tm_in,Tamil
7,अमरावती,5,चांदुर बाजार,tl_in,Telugu
7,अमरावती,5,चांदुर बाजार,kn_in,Kannada
7,अमरावती,5,चांदुर बाजार,or_in,Oriya
7,अमरावती,5,चांदुर बाजार,ur_in,Urdu
7,अमरावती,5,चांदुर बाजार,as_in,Assamese
7,अमरावती,5,चांदुर बाजार,mn_in,Manipuri(Assamese)
7,अमरावती,5,चांदुर बाजार,ni_in,Nepali
7,अमरावती,5,चांदुर बाजार,ko_in,Konkani
7,अमरावती,5,चांदुर बाजार,mi_in,Maithili(Devanagri)
7,अमरावती,5,चांदुर बाजार,di_in,Dogri
7,अमरावती,5,चांदुर बाजार,bo_in,Bodo
7,अमरावती,5,चांदुर बाजार,st_in,Santhali(Devanagri)
7,अमरावती,5,चांदुर बाजार,sd_in,Sindhi(Devanagri)
7,अमरावती,5,चांदुर बाजार,ks_in,Kashmiri(Devanagri)
7,अमरावती,5,चांदुर बाजार,ks.pa_in,Kashmiri(Perso Arabic)
7,अमरावती,5,चांदुर बाजार,sk_in,Sanskrit
7,अमरावती,4,अचलपुर,5,चांदुर बाजार
7,अमरावती,4,अचलपुर,4,अचलपुर
7,अमरावती,4,अचलपुर,14,धामणगाव
7,अमरावती,4,अचलपुर,6,मोर्शी
7,अमरावती,4,अचलपुर,29,धाराशिव
7,अमरावती,4,अचलपुर,19,छत्रपती संभाजीनगर
7,अमरावती,4,अचलपुर,18,जालना
7,अमरावती,4,अचलपुर,15,नांदेड
7,अमरावती,4,अचलपुर,17,परभणी
7,अमरावती,4,अचलपुर,27,बीड
7,अमरावती,4,अचलपुर,28,लातूर
7,अमरावती,4,अचलपुर,16,हिंगोली
7,अमरावती,4,अचलपुर,21,ठाणे
7,अमरावती,4,अचलपुर,36,पालघर
7,अमरावती,4,अचलपुर,22,मंबई उपनगर
7,अमरावती,4,अचलपुर,32,रत्नागिरी
7,अमरावती,4,अचलपुर,24,रायगड
7,अमरावती,4,अचलपुर,33,सिंधुदुर्ग
7,अमरावती,4,अचलपुर,12,नांदगाव
7,अमरावती,4,अचलपुर,11,दर्यापुर
7,अमरावती,4,अचलपुर,13,चांदुर रेल्वे
7,अमरावती,4,अचलपुर,9,अमरावती
7,अमरावती,4,अचलपुर,10,भातकुली
7,अमरावती,4,अचलपुर,8,अक्षरी सर्वे नंबर
7,अमरावती,4,अचलपुर,26,अहमदनगर
7,अमरावती,4,अचलपुर,3,अंजनगाव
7,अमरावती,4,अचलपुर,2,चिखलदरा
7,अमरावती,4,अचलपुर,1,धारणी
7,अमरावती,4,अचलपुर,20,नाशिक
7,अमरावती,4,अचलपुर,34,कोल्हापूर
7,अमरावती,4,अचलपुर,25,पुणे
7,अमरावती,4,अचलपुर,35,सांगली
7,अमरावती,4,अचलपुर,31,सातारा
7,अमरावती,4,अचलपुर,30,सोलापूर
7,अमरावती,4,अचलपुर,7,वरुड
7,अमरावती,4,अचलपुर,en_in,English
7,अमरावती,4,अचलपुर,hi_in,Hindi
7,अमरावती,4,अचलपुर,bn_in,Bengali
7,अमरावती,4,अचलपुर,gj_in,Gujarati
7,अमरावती,4,अचलपुर,pn_in,Punjabi
7,अमरावती,4,अचलपुर,ml_in,Malayalam
7,अमरावती,4,अचलपुर,tm_in,Tamil
7,अमरावती,4,अचलपुर,tl_in,Telugu
7,अमरावती,4,अचलपुर,kn_in,Kannada
7,अमरावती,4,अचलपुर,or_in,Oriya
7,अमरावती,4,अचलपुर,ur_in,Urdu
7,अमरावती,4,अचलपुर,as_in,Assamese
7,अमरावती,4,अचलपुर,mn_in,Manipuri(Assamese)
7,अमरावती,4,अचलपुर,ni_in,Nepali
7,अमरावती,4,अचलपुर,ko_in,Konkani
7,अमरावती,4,अचलपुर,mi_in,Maithili(Devanagri)
7,अमरावती,4,अचलपुर,di_in,Dogri
7,अमरावती,4,अचलपुर,bo_in,Bodo
7,अमरावती,4,अचलपुर,st_in,Santhali(Devanagri)
7,अमरावती,4,अचलपुर,sd_in,Sindhi(Devanagri)
7,अमरावती,4,अचलपुर,ks_in,Kashmiri(Devanagri)
7,अमरावती,4,अचलपुर,ks.pa_in,Kashmiri(Perso Arabic)
7,अमरावती,4,अचलपुर,sk_in,Sanskrit
7,अमरावती,6,मोर्शी,5,चांदुर बाजार
7,अमरावती,6,मोर्शी,4,अचलपुर
7,अमरावती,6,मोर्शी,14,धामणगाव
7,अमरावती,6,मोर्शी,6,मोर्शी
7,अमरावती,6,मोर्शी,29,धाराशिव
7,अमरावती,6,मोर्शी,19,छत्रपती संभाजीनगर
7,अमरावती,6,मोर्शी,18,जालना
7,अमरावती,6,मोर्शी,15,नांदेड
7,अमरावती,6,मोर्शी,17,परभणी
7,अमरावती,6,मोर्शी,27,बीड
7,अमरावती,6,मोर्शी,28,लातूर
7,अमरावती,6,मोर्शी,16,हिंगोली
7,अमरावती,6,मोर्शी,21,ठाणे
7,अमरावती,6,मोर्शी,36,पालघर
7,अमरावती,6,मोर्शी,22,मंबई उपनगर
7,अमरावती,6,मोर्शी,32,रत्नागिरी
7,अमरावती,6,मोर्शी,24,रायगड
7,अमरावती,6,मोर्शी,33,सिंधुदुर्ग
7,अमरावती,6,मोर्शी,12,नांदगाव
7,अमरावती,6,मोर्शी,11,दर्यापुर
7,अमरावती,6,मोर्शी,13,चांदुर रेल्वे
7,अमरावती,6,मोर्शी,9,अमरावती
7,अमरावती,6,मोर्शी,10,भातकुली
7,अमरावती,6,मोर्शी,8,तिवसा
7,अमरावती,6,मोर्शी,26,अहमदनगर
7,अमरावती,6,मोर्शी,3,अंजनगाव
7,अमरावती,6,मोर्शी,2,सर्वे नंबर
7,अमरावती,6,मोर्शी,1,धारणी
7,अमरावती,6,मोर्शी,20,नाशिक
7,अमरावती,6,मोर्शी,34,कोल्हापूर
7,अमरावती,6,मोर्शी,25,पुणे
7,अमरावती,6,मोर्शी,35,सांगली
7,अमरावती,6,मोर्शी,31,सातारा
7,अमरावती,6,मोर्शी,30,सोलापूर
7,अमरावती,6,मोर्शी,7,वरुड
7,अमरावती,6,मोर्शी,en_in,English
7,अमरावती,6,मोर्शी,hi_in,Hindi
7,अमरावती,6,मोर्शी,bn_in,Bengali
7,अमरावती,6,मोर्शी,gj_in,Gujarati
7,अमरावती,6,मोर्शी,pn_in,Punjabi
7,अमरावती,6,मोर्शी,ml_in,Malayalam
7,अमरावती,6,मोर्शी,tm_in,Tamil
7,अमरावती,6,मोर्शी,tl_in,Telugu
7,अमरावती,6,मोर्शी,kn_in,Kannada
7,अमरावती,6,मोर्शी,or_in,Oriya
7,अमरावती,6,मोर्शी,ur_in,Urdu
7,अमरावती,6,मोर्शी,as_in,Assamese
7,अमरावती,6,मोर्शी,mn_in,Manipuri(Assamese)
7,अमरावती,6,मोर्शी,ni_in,Nepali
7,अमरावती,6,मोर्शी,ko_in,Konkani
7,अमरावती,6,मोर्शी,mi_in,Maithili(Devanagri)
7,अमरावती,6,मोर्शी,di_in,Dogri
7,अमरावती,6,मोर्शी,bo_in,Bodo
7,अमरावती,6,मोर्शी,st_in,Santhali(Devanagri)
7,अमरावती,6,मोर्शी,sd_in,Sindhi(Devanagri)
7,अमरावती,6,मोर्शी,ks_in,Kashmiri(Devanagri)
7,अमरावती,6,मोर्शी,ks.pa_in,Kashmiri(Perso Arabic)
7,अमरावती,6,मोर्शी,sk_in,Sanskrit
